sweep,epoch,selection_metric,n_runs,pearson_linear_probe,spearman_linear_probe,pearson_knn_probe,spearman_knn_probe,pearson_cifar10c,spearman_cifar10c
simclr-tau,0,rankme,7,-0.8284,-0.9643,-0.8466,-0.9286,-0.8635,-0.8571
simclr-tau,0,rerankme,7,0.8322,0.9643,0.833,0.9286,0.8501,0.8571
simclr-tau,1,rankme,7,-0.8457,-1.0,-0.8811,-0.9643,-0.8731,-0.8929
simclr-tau,1,rerankme,7,0.8562,0.6786,0.875,0.6429,0.8483,0.8571
simclr-tau,2,rankme,7,-0.8745,-0.9643,-0.9092,-0.9286,-0.8984,-0.8571
simclr-tau,2,rerankme,7,0.845,0.6429,0.8826,0.6786,0.8062,0.75
simclr-tau,3,rankme,7,-0.9117,-1.0,-0.9422,-0.9643,-0.9074,-0.8929
simclr-tau,3,rerankme,7,0.7068,0.4643,0.7496,0.5357,0.5968,0.5714
simclr-tau,4,rankme,7,-0.9261,-1.0,-0.9522,-0.9643,-0.9074,-0.8929
simclr-tau,4,rerankme,7,0.7788,0.5,0.7846,0.6071,0.5794,0.5
simclr-tau,6,rankme,7,-0.933,-1.0,-0.9535,-0.9643,-0.9136,-0.8929
simclr-tau,6,rerankme,7,0.7802,0.5,0.784,0.5714,0.5779,0.6071
simclr-tau,7,rankme,7,-0.9403,-1.0,-0.9605,-0.9643,-0.914,-0.8929
simclr-tau,7,rerankme,7,0.7355,0.3929,0.728,0.4286,0.5238,0.5714
simclr-tau,8,rankme,7,-0.9379,-1.0,-0.9586,-0.9643,-0.9121,-0.8929
simclr-tau,8,rerankme,7,0.7141,0.3929,0.7123,0.4286,0.5118,0.5714
simclr-tau,9,rankme,7,-0.9451,-1.0,-0.964,-0.9643,-0.9169,-0.8929
simclr-tau,9,rerankme,7,0.6825,0.3929,0.6708,0.4286,0.4538,0.5714
simclr-tau,10,rankme,7,-0.9494,-1.0,-0.9681,-0.9643,-0.9171,-0.8929
simclr-tau,10,rerankme,7,0.7265,0.3929,0.7187,0.4286,0.5116,0.5714
simclr-tau,11,rankme,7,-0.9446,-1.0,-0.9641,-0.9643,-0.9162,-0.8929
simclr-tau,11,rerankme,7,0.7325,0.3929,0.7218,0.4286,0.5344,0.5714
simclr-tau,12,rankme,7,-0.9498,-1.0,-0.9667,-0.9643,-0.9206,-0.8929
simclr-tau,12,rerankme,7,0.7336,0.3929,0.7194,0.4286,0.5157,0.5714
simclr-tau,13,rankme,7,-0.9472,-1.0,-0.9649,-0.9643,-0.911,-0.8929
simclr-tau,13,rerankme,7,0.7209,0.3929,0.7082,0.4286,0.4979,0.5714
simclr-tau,14,rankme,7,-0.949,-1.0,-0.967,-0.9643,-0.9152,-0.8929
simclr-tau,14,rerankme,7,0.7236,0.3929,0.7055,0.4286,0.5054,0.5714
simclr-tau,15,rankme,7,-0.9419,-1.0,-0.962,-0.9643,-0.9083,-0.8929
simclr-tau,15,rerankme,7,0.7068,0.3929,0.6951,0.4286,0.5009,0.5714
simclr-tau,19,rankme,7,-0.9461,-1.0,-0.963,-0.9643,-0.9136,-0.8929
simclr-tau,19,rerankme,7,0.7475,0.3929,0.7288,0.4286,0.5425,0.5714
simclr-tau,20,rankme,7,-0.9392,-1.0,-0.9565,-0.9643,-0.911,-0.8929
simclr-tau,20,rerankme,7,0.7253,0.3929,0.7027,0.4286,0.5212,0.5714
simclr-tau,21,rankme,7,-0.9443,-1.0,-0.9616,-0.9643,-0.9111,-0.8929
simclr-tau,21,rerankme,7,0.7609,0.3929,0.7425,0.4286,0.559,0.5714
simclr-tau,22,rankme,7,-0.9422,-1.0,-0.96,-0.9643,-0.9149,-0.8929
simclr-tau,22,rerankme,7,0.7546,0.3929,0.7361,0.4286,0.5437,0.5714
simclr-tau,25,rankme,7,-0.9415,-1.0,-0.9579,-0.9643,-0.9174,-0.8929
simclr-tau,25,rerankme,7,0.7509,0.3929,0.7321,0.4286,0.5622,0.5714
simclr-tau,26,rankme,7,-0.9448,-1.0,-0.9593,-0.9643,-0.9166,-0.8929
simclr-tau,26,rerankme,7,0.7665,0.3929,0.7468,0.4286,0.5657,0.5714
simclr-tau,27,rankme,7,-0.9401,-1.0,-0.9567,-0.9643,-0.9089,-0.8929
simclr-tau,27,rerankme,7,0.7549,0.3929,0.7317,0.4286,0.5435,0.5714
simclr-tau,28,rankme,7,-0.9452,-1.0,-0.96,-0.9643,-0.9176,-0.8929
simclr-tau,28,rerankme,7,0.763,0.3929,0.7464,0.4286,0.5621,0.5714
simclr-tau,29,rankme,7,-0.9369,-1.0,-0.9535,-0.9643,-0.9166,-0.8929
simclr-tau,29,rerankme,7,0.7509,0.3929,0.7316,0.4286,0.5472,0.5714
simclr-tau,30,rankme,7,-0.9404,-1.0,-0.9559,-0.9643,-0.9146,-0.8929
simclr-tau,30,rerankme,7,0.7478,0.3929,0.7256,0.4286,0.5422,0.5714
simclr-tau,33,rankme,7,-0.9373,-1.0,-0.9541,-0.9643,-0.9178,-0.8929
simclr-tau,33,rerankme,7,0.7371,0.3929,0.7183,0.4286,0.5344,0.5714
simclr-tau,35,rankme,7,-0.9347,-1.0,-0.9526,-0.9643,-0.9107,-0.8929
simclr-tau,35,rerankme,7,0.7702,0.3929,0.7478,0.4286,0.57,0.5714
simclr-tau,36,rankme,7,-0.94,-1.0,-0.955,-0.9643,-0.9107,-0.8929
simclr-tau,36,rerankme,7,0.7484,0.3929,0.7264,0.4286,0.5428,0.5714
simclr-tau,39,rankme,7,-0.936,-1.0,-0.9534,-0.9643,-0.9124,-0.8929
simclr-tau,39,rerankme,7,0.7575,0.3929,0.7401,0.4286,0.5693,0.5714
simclr-tau,40,rankme,7,-0.9348,-1.0,-0.9525,-0.9643,-0.9133,-0.8929
simclr-tau,40,rerankme,7,0.7288,0.3929,0.7065,0.4286,0.5263,0.5714
simclr-tau,41,rankme,7,-0.9369,-1.0,-0.9552,-0.9643,-0.9113,-0.8929
simclr-tau,41,rerankme,7,0.763,0.3929,0.7429,0.4286,0.5693,0.5714
simclr-tau,42,rankme,7,-0.9339,-1.0,-0.9517,-0.9643,-0.9138,-0.8929
simclr-tau,42,rerankme,7,0.7652,0.3929,0.7464,0.4286,0.578,0.5714
simclr-tau,43,rankme,7,-0.9296,-1.0,-0.9491,-0.9643,-0.906,-0.8929
simclr-tau,43,rerankme,7,0.7761,0.3929,0.7575,0.4286,0.5964,0.5714
simclr-tau,44,rankme,7,-0.9278,-1.0,-0.9471,-0.9643,-0.9088,-0.8929
simclr-tau,44,rerankme,7,0.7615,0.3929,0.7424,0.4286,0.5589,0.5714
simclr-tau,45,rankme,7,-0.9363,-1.0,-0.9543,-0.9643,-0.9149,-0.8929
simclr-tau,45,rerankme,7,0.7859,0.3929,0.7687,0.4286,0.6043,0.5714
simclr-tau,46,rankme,7,-0.9276,-1.0,-0.9466,-0.9643,-0.9119,-0.8929
simclr-tau,46,rerankme,7,0.772,0.3929,0.7557,0.4286,0.5797,0.5714
simclr-tau,47,rankme,7,-0.9279,-1.0,-0.9494,-0.9643,-0.9075,-0.8929
simclr-tau,47,rerankme,7,0.7614,0.3929,0.7433,0.4286,0.5686,0.5714
simclr-tau,49,rankme,7,-0.9273,-1.0,-0.9449,-0.9643,-0.9131,-0.8929
simclr-tau,49,rerankme,7,0.764,0.3929,0.7444,0.4286,0.5822,0.5714
simclr-tau,51,rankme,7,-0.9326,-1.0,-0.9517,-0.9643,-0.9111,-0.8929
simclr-tau,51,rerankme,7,0.7726,0.3929,0.7514,0.4286,0.5931,0.5714
simclr-tau,54,rankme,7,-0.9258,-1.0,-0.9463,-0.9643,-0.9077,-0.8929
simclr-tau,54,rerankme,7,0.7765,0.3929,0.7585,0.4286,0.5897,0.5714
simclr-tau,56,rankme,7,-0.9361,-1.0,-0.9537,-0.9643,-0.9208,-0.8929
simclr-tau,56,rerankme,7,0.7869,0.3929,0.7661,0.4286,0.6084,0.5714
simclr-tau,57,rankme,7,-0.9223,-1.0,-0.9424,-0.9643,-0.9046,-0.8929
simclr-tau,57,rerankme,7,0.7873,0.3929,0.7699,0.4286,0.6005,0.5714
simclr-tau,60,rankme,7,-0.9213,-1.0,-0.9398,-0.9643,-0.915,-0.8929
simclr-tau,60,rerankme,7,0.779,0.3929,0.758,0.4286,0.5928,0.5714
simclr-tau,61,rankme,7,-0.9275,-1.0,-0.946,-0.9643,-0.9112,-0.8929
simclr-tau,61,rerankme,7,0.788,0.3929,0.772,0.4286,0.6012,0.5714
simclr-tau,62,rankme,7,-0.9214,-1.0,-0.9429,-0.9643,-0.9032,-0.8929
simclr-tau,62,rerankme,7,0.7708,0.3929,0.7528,0.4286,0.5922,0.5714
simclr-tau,68,rankme,7,-0.9145,-1.0,-0.9382,-0.9643,-0.8994,-0.8929
simclr-tau,68,rerankme,7,0.7699,0.3929,0.7527,0.4286,0.5888,0.5714
simclr-tau,69,rankme,7,-0.9206,-1.0,-0.9424,-0.9643,-0.9078,-0.8929
simclr-tau,69,rerankme,7,0.7789,0.3929,0.7602,0.4286,0.5958,0.5714
simclr-tau,71,rankme,7,-0.9198,-1.0,-0.9397,-0.9643,-0.9101,-0.8929
simclr-tau,71,rerankme,7,0.7906,0.3929,0.776,0.4286,0.6106,0.5714
simclr-tau,73,rankme,7,-0.911,-1.0,-0.9328,-0.9643,-0.9006,-0.8929
simclr-tau,73,rerankme,7,0.764,0.3929,0.7503,0.4286,0.5847,0.5714
simclr-tau,74,rankme,7,-0.916,-1.0,-0.9355,-0.9643,-0.9064,-0.8929
simclr-tau,74,rerankme,7,0.7879,0.3929,0.7733,0.4286,0.6113,0.5714
simclr-tau,76,rankme,7,-0.9167,-1.0,-0.9371,-0.9643,-0.9028,-0.8929
simclr-tau,76,rerankme,7,0.7983,0.3929,0.7827,0.4286,0.6096,0.5714
simclr-tau,78,rankme,7,-0.9174,-1.0,-0.9384,-0.9643,-0.9096,-0.8929
simclr-tau,78,rerankme,7,0.7915,0.3929,0.7746,0.4286,0.6158,0.5714
simclr-tau,79,rankme,7,-0.9176,-1.0,-0.9366,-0.9643,-0.9073,-0.8929
simclr-tau,79,rerankme,7,0.7825,0.3929,0.7676,0.4286,0.6107,0.5714
simclr-tau,82,rankme,7,-0.9196,-1.0,-0.9401,-0.9643,-0.9066,-0.8929
simclr-tau,82,rerankme,7,0.7815,0.3929,0.7654,0.4286,0.5971,0.5714
simclr-tau,83,rankme,7,-0.911,-1.0,-0.9331,-0.9643,-0.8999,-0.8929
simclr-tau,83,rerankme,7,0.7875,0.3929,0.7728,0.4286,0.6051,0.5714
simclr-tau,84,rankme,7,-0.9189,-1.0,-0.9392,-0.9643,-0.9063,-0.8929
simclr-tau,84,rerankme,7,0.8047,0.3929,0.7901,0.4286,0.6253,0.5714
simclr-tau,85,rankme,7,-0.912,-1.0,-0.9335,-0.9643,-0.9035,-0.8929
simclr-tau,85,rerankme,7,0.7932,0.3929,0.7796,0.4286,0.6117,0.5714
simclr-tau,87,rankme,7,-0.9237,-1.0,-0.944,-0.9643,-0.9046,-0.8929
simclr-tau,87,rerankme,7,0.7907,0.3929,0.775,0.4286,0.6197,0.5714
simclr-tau,88,rankme,7,-0.9118,-1.0,-0.9326,-0.9643,-0.9,-0.8929
simclr-tau,88,rerankme,7,0.7735,0.3929,0.7587,0.4286,0.5963,0.5714
simclr-tau,89,rankme,7,-0.9102,-1.0,-0.9342,-0.9643,-0.8956,-0.8929
simclr-tau,89,rerankme,7,0.7894,0.3929,0.7732,0.4286,0.6145,0.5714
simclr-tau,90,rankme,7,-0.9169,-1.0,-0.9384,-0.9643,-0.8976,-0.8929
simclr-tau,90,rerankme,7,0.8147,0.3929,0.7985,0.4286,0.6401,0.5714
simclr-tau,91,rankme,7,-0.911,-1.0,-0.9335,-0.9643,-0.9004,-0.8929
simclr-tau,91,rerankme,7,0.7893,0.3929,0.7728,0.4286,0.6106,0.5714
simclr-tau,92,rankme,7,-0.91,-1.0,-0.9342,-0.9643,-0.9023,-0.8929
simclr-tau,92,rerankme,7,0.7909,0.3929,0.7734,0.4286,0.6189,0.5714
simclr-tau,95,rankme,7,-0.9043,-1.0,-0.9281,-0.9643,-0.8973,-0.8929
simclr-tau,95,rerankme,7,0.7943,0.3929,0.7771,0.4286,0.6153,0.5714
simclr-tau,97,rankme,7,-0.9088,-1.0,-0.9324,-0.9643,-0.8985,-0.8929
simclr-tau,97,rerankme,7,0.8059,0.3929,0.7919,0.4286,0.6253,0.5714
simclr-tau,99,rankme,7,-0.9055,-1.0,-0.9296,-0.9643,-0.9005,-0.8929
simclr-tau,99,rerankme,7,0.7901,0.3929,0.7786,0.4286,0.6249,0.5714
simclr-tau,101,rankme,7,-0.9018,-1.0,-0.9274,-0.9643,-0.8892,-0.8929
simclr-tau,101,rerankme,7,0.8005,0.3929,0.7861,0.4286,0.6249,0.5714
simclr-tau,103,rankme,7,-0.9056,-1.0,-0.9289,-0.9643,-0.8988,-0.8929
simclr-tau,103,rerankme,7,0.7951,0.3929,0.7819,0.4286,0.6227,0.5714
simclr-tau,104,rankme,7,-0.9069,-1.0,-0.93,-0.9643,-0.8965,-0.8929
simclr-tau,104,rerankme,7,0.7931,0.3929,0.7794,0.4286,0.6218,0.5714
simclr-tau,107,rankme,7,-0.9059,-1.0,-0.9286,-0.9643,-0.9061,-0.8929
simclr-tau,107,rerankme,7,0.7892,0.5,0.7782,0.5714,0.6183,0.6071
simclr-tau,108,rankme,7,-0.9096,-1.0,-0.9326,-0.9643,-0.9025,-0.8929
simclr-tau,108,rerankme,7,0.7983,0.3929,0.784,0.4286,0.6223,0.5714
simclr-tau,110,rankme,7,-0.9043,-1.0,-0.9268,-0.9643,-0.8929,-0.8929
simclr-tau,110,rerankme,7,0.7851,0.3929,0.7691,0.4286,0.6122,0.5714
simclr-tau,111,rankme,7,-0.9043,-1.0,-0.9291,-0.9643,-0.8992,-0.8929
simclr-tau,111,rerankme,7,0.8037,0.5,0.7913,0.5714,0.6303,0.6071
simclr-tau,112,rankme,7,-0.9045,-1.0,-0.928,-0.9643,-0.8973,-0.8929
simclr-tau,112,rerankme,7,0.816,0.3929,0.8012,0.4286,0.6396,0.5714
simclr-tau,113,rankme,7,-0.9026,-1.0,-0.9271,-0.9643,-0.8906,-0.8929
simclr-tau,113,rerankme,7,0.796,0.3929,0.7814,0.4286,0.6187,0.5714
simclr-tau,114,rankme,7,-0.9051,-1.0,-0.9268,-0.9643,-0.8983,-0.8929
simclr-tau,114,rerankme,7,0.8006,0.3929,0.7885,0.4286,0.6338,0.5714
simclr-tau,115,rankme,7,-0.8942,-1.0,-0.9196,-0.9643,-0.8924,-0.8929
simclr-tau,115,rerankme,7,0.7869,0.3929,0.776,0.4286,0.613,0.5714
simclr-tau,116,rankme,7,-0.9086,-1.0,-0.9313,-0.9643,-0.9018,-0.8929
simclr-tau,116,rerankme,7,0.7965,0.3929,0.7808,0.4286,0.6204,0.5714
simclr-tau,117,rankme,7,-0.9008,-1.0,-0.924,-0.9643,-0.8887,-0.8929
simclr-tau,117,rerankme,7,0.8062,0.3929,0.7926,0.4286,0.6371,0.5714
simclr-tau,118,rankme,7,-0.9001,-1.0,-0.9239,-0.9643,-0.8918,-0.8929
simclr-tau,118,rerankme,7,0.7925,0.3929,0.7779,0.4286,0.6176,0.5714
simclr-tau,120,rankme,7,-0.9047,-1.0,-0.9299,-0.9643,-0.8921,-0.8929
simclr-tau,120,rerankme,7,0.7848,0.3929,0.7733,0.4286,0.6068,0.5714
simclr-tau,121,rankme,7,-0.9043,-1.0,-0.9284,-0.9643,-0.8926,-0.8929
simclr-tau,121,rerankme,7,0.7945,0.3929,0.7806,0.4286,0.6251,0.5714
simclr-tau,122,rankme,7,-0.892,-1.0,-0.9178,-0.9643,-0.8884,-0.8929
simclr-tau,122,rerankme,7,0.7802,0.3929,0.7683,0.4286,0.6089,0.5714
simclr-tau,124,rankme,7,-0.8937,-1.0,-0.9192,-0.9643,-0.8922,-0.8929
simclr-tau,124,rerankme,7,0.7977,0.3929,0.7827,0.4286,0.6259,0.5714
simclr-tau,125,rankme,7,-0.8949,-1.0,-0.9178,-0.9643,-0.8894,-0.8929
simclr-tau,125,rerankme,7,0.8068,0.5,0.7944,0.5714,0.6365,0.6071
simclr-tau,126,rankme,7,-0.8919,-1.0,-0.9132,-0.9643,-0.8922,-0.8929
simclr-tau,126,rerankme,7,0.7796,0.3929,0.7625,0.4286,0.6119,0.5714
simclr-tau,127,rankme,7,-0.8981,-1.0,-0.9236,-0.9643,-0.8927,-0.8929
simclr-tau,127,rerankme,7,0.7932,0.3929,0.7771,0.4286,0.613,0.5714
simclr-tau,128,rankme,7,-0.8921,-1.0,-0.9156,-0.9643,-0.8884,-0.8929
simclr-tau,128,rerankme,7,0.8045,0.3929,0.7928,0.4286,0.6354,0.5714
simclr-tau,130,rankme,7,-0.8908,-1.0,-0.9157,-0.9643,-0.8886,-0.8929
simclr-tau,130,rerankme,7,0.7933,0.3929,0.7801,0.4286,0.6145,0.5714
simclr-tau,131,rankme,7,-0.8899,-1.0,-0.9156,-0.9643,-0.8894,-0.8929
simclr-tau,131,rerankme,7,0.7971,0.3929,0.7837,0.4286,0.6225,0.5714
simclr-tau,133,rankme,7,-0.8916,-1.0,-0.9163,-0.9643,-0.8904,-0.8929
simclr-tau,133,rerankme,7,0.7998,0.5,0.7888,0.5714,0.6257,0.6071
simclr-tau,135,rankme,7,-0.8899,-1.0,-0.9154,-0.9643,-0.8829,-0.8929
simclr-tau,135,rerankme,7,0.7755,0.3929,0.7631,0.4286,0.6,0.5714
simclr-tau,136,rankme,7,-0.8865,-1.0,-0.9134,-0.9643,-0.882,-0.8929
simclr-tau,136,rerankme,7,0.7976,0.3929,0.7845,0.4286,0.6244,0.5714
simclr-tau,137,rankme,7,-0.8823,-1.0,-0.9082,-0.9643,-0.8888,-0.8929
simclr-tau,137,rerankme,7,0.8004,0.3929,0.7867,0.4286,0.6277,0.5714
simclr-tau,138,rankme,7,-0.8925,-1.0,-0.9174,-0.9643,-0.8885,-0.8929
simclr-tau,138,rerankme,7,0.8016,0.3929,0.7891,0.4286,0.6292,0.5714
simclr-tau,139,rankme,7,-0.887,-1.0,-0.9113,-0.9643,-0.8823,-0.8929
simclr-tau,139,rerankme,7,0.7896,0.5,0.7789,0.5714,0.615,0.6071
simclr-tau,140,rankme,7,-0.894,-1.0,-0.9185,-0.9643,-0.8864,-0.8929
simclr-tau,140,rerankme,7,0.7949,0.3929,0.782,0.4286,0.6162,0.5714
simclr-tau,143,rankme,7,-0.8897,-1.0,-0.9127,-0.9643,-0.8936,-0.8929
simclr-tau,143,rerankme,7,0.7873,0.3929,0.7727,0.4286,0.6145,0.5714
simclr-tau,145,rankme,7,-0.8853,-1.0,-0.9097,-0.9643,-0.8855,-0.8929
simclr-tau,145,rerankme,7,0.7971,0.3929,0.7844,0.4286,0.6198,0.5714
simclr-tau,147,rankme,7,-0.8897,-1.0,-0.9134,-0.9643,-0.8906,-0.8929
simclr-tau,147,rerankme,7,0.7988,0.3929,0.7879,0.4286,0.6359,0.5714
simclr-tau,148,rankme,7,-0.8846,-1.0,-0.9103,-0.9643,-0.8863,-0.8929
simclr-tau,148,rerankme,7,0.7768,0.3929,0.7642,0.4286,0.6072,0.5714
simclr-tau,149,rankme,7,-0.8792,-1.0,-0.9049,-0.9643,-0.8807,-0.8929
simclr-tau,149,rerankme,7,0.7897,0.3929,0.7785,0.4286,0.6219,0.5714
simclr-tau,150,rankme,7,-0.8831,-1.0,-0.908,-0.9643,-0.8767,-0.8929
simclr-tau,150,rerankme,7,0.7949,0.3929,0.7818,0.4286,0.6264,0.5714
simclr-tau,151,rankme,7,-0.8798,-1.0,-0.9053,-0.9643,-0.8737,-0.8929
simclr-tau,151,rerankme,7,0.7826,0.3929,0.7704,0.4286,0.6182,0.5714
simclr-tau,154,rankme,7,-0.8825,-1.0,-0.9067,-0.9643,-0.8846,-0.8929
simclr-tau,154,rerankme,7,0.7762,0.3929,0.7639,0.4286,0.6062,0.5714
simclr-tau,156,rankme,7,-0.8777,-1.0,-0.9024,-0.9643,-0.879,-0.8929
simclr-tau,156,rerankme,7,0.7816,0.3929,0.7689,0.4286,0.6124,0.5714
simclr-tau,159,rankme,7,-0.8743,-1.0,-0.8997,-0.9643,-0.8762,-0.8929
simclr-tau,159,rerankme,7,0.7758,0.3929,0.7645,0.4286,0.604,0.5714
simclr-tau,160,rankme,7,-0.8712,-1.0,-0.8972,-0.9643,-0.875,-0.8929
simclr-tau,160,rerankme,7,0.7854,0.3929,0.7733,0.4286,0.6225,0.5714
simclr-tau,161,rankme,7,-0.8665,-1.0,-0.894,-0.9643,-0.8753,-0.8929
simclr-tau,161,rerankme,7,0.7963,0.3929,0.7833,0.4286,0.6318,0.5714
simclr-tau,162,rankme,7,-0.8683,-1.0,-0.8931,-0.9643,-0.8729,-0.8929
simclr-tau,162,rerankme,7,0.7854,0.3929,0.774,0.4286,0.6183,0.5714
simclr-tau,164,rankme,7,-0.8743,-1.0,-0.8984,-0.9643,-0.8722,-0.8929
simclr-tau,164,rerankme,7,0.786,0.3929,0.7725,0.4286,0.6215,0.5714
simclr-tau,165,rankme,7,-0.8729,-1.0,-0.8983,-0.9643,-0.8772,-0.8929
simclr-tau,165,rerankme,7,0.7807,0.3929,0.7667,0.4286,0.611,0.5714
simclr-tau,167,rankme,7,-0.8703,-1.0,-0.8949,-0.9643,-0.8732,-0.8929
simclr-tau,167,rerankme,7,0.7961,0.3929,0.7836,0.4286,0.6271,0.5714
simclr-tau,172,rankme,7,-0.8606,-1.0,-0.8832,-0.9643,-0.8687,-0.8929
simclr-tau,172,rerankme,7,0.7782,0.3929,0.7657,0.4286,0.6098,0.5714
simclr-tau,173,rankme,7,-0.8648,-1.0,-0.8893,-0.9643,-0.8693,-0.8929
simclr-tau,173,rerankme,7,0.7906,0.3929,0.7778,0.4286,0.6227,0.5714
simclr-tau,175,rankme,7,-0.8662,-1.0,-0.8907,-0.9643,-0.8656,-0.8929
simclr-tau,175,rerankme,7,0.781,0.3929,0.7682,0.4286,0.6187,0.5714
simclr-tau,176,rankme,7,-0.8561,-1.0,-0.8811,-0.9643,-0.8633,-0.8929
simclr-tau,176,rerankme,7,0.7815,0.3929,0.7685,0.4286,0.6205,0.5714
simclr-tau,177,rankme,7,-0.8586,-1.0,-0.8862,-0.9643,-0.8606,-0.8929
simclr-tau,177,rerankme,7,0.7908,0.3929,0.7797,0.4286,0.6244,0.5714
simclr-tau,178,rankme,7,-0.8655,-1.0,-0.8909,-0.9643,-0.8711,-0.8929
simclr-tau,178,rerankme,7,0.791,0.3929,0.7781,0.4286,0.6323,0.5714
simclr-tau,179,rankme,7,-0.8755,-1.0,-0.9001,-0.9643,-0.8792,-0.8929
simclr-tau,179,rerankme,7,0.7912,0.3929,0.7769,0.4286,0.6266,0.5714
simclr-tau,182,rankme,7,-0.846,-1.0,-0.8727,-0.9643,-0.8562,-0.8929
simclr-tau,182,rerankme,7,0.7833,0.3929,0.771,0.4286,0.6174,0.5714
simclr-tau,183,rankme,7,-0.8558,-1.0,-0.8812,-0.9643,-0.8663,-0.8929
simclr-tau,183,rerankme,7,0.7784,0.3929,0.765,0.4286,0.6101,0.5714
simclr-tau,184,rankme,7,-0.8649,-1.0,-0.8881,-0.9643,-0.8701,-0.8929
simclr-tau,184,rerankme,7,0.7879,0.3929,0.7738,0.4286,0.6171,0.5714
simclr-tau,187,rankme,7,-0.8529,-1.0,-0.879,-0.9643,-0.858,-0.8929
simclr-tau,187,rerankme,7,0.7802,0.3929,0.7678,0.4286,0.6127,0.5714
simclr-tau,189,rankme,7,-0.8593,-1.0,-0.8855,-0.9643,-0.8648,-0.8929
simclr-tau,189,rerankme,7,0.7687,0.3929,0.7547,0.4286,0.6033,0.5714
simclr-tau,190,rankme,7,-0.8628,-1.0,-0.8881,-0.9643,-0.8661,-0.8929
simclr-tau,190,rerankme,7,0.7685,0.3929,0.7556,0.4286,0.6024,0.5714
simclr-tau,191,rankme,7,-0.8456,-1.0,-0.8725,-0.9643,-0.859,-0.8929
simclr-tau,191,rerankme,7,0.7806,0.3929,0.7662,0.4286,0.6125,0.5714
simclr-tau,192,rankme,7,-0.8516,-1.0,-0.8771,-0.9643,-0.8614,-0.8929
simclr-tau,192,rerankme,7,0.7712,0.3929,0.7578,0.4286,0.6088,0.5714
simclr-tau,193,rankme,7,-0.8551,-1.0,-0.8808,-0.9643,-0.8683,-0.8929
simclr-tau,193,rerankme,7,0.774,0.3929,0.7613,0.4286,0.6106,0.5714
simclr-tau,195,rankme,7,-0.8521,-1.0,-0.8775,-0.9643,-0.8641,-0.8929
simclr-tau,195,rerankme,7,0.7795,0.3929,0.7667,0.4286,0.6157,0.5714
simclr-tau,197,rankme,7,-0.8511,-1.0,-0.8755,-0.9643,-0.8557,-0.8929
simclr-tau,197,rerankme,7,0.7804,0.3929,0.768,0.4286,0.6211,0.5714
simclr-tau,198,rankme,7,-0.8541,-1.0,-0.8785,-0.9643,-0.8628,-0.8929
simclr-tau,198,rerankme,7,0.7859,0.3929,0.772,0.4286,0.6184,0.5714
simclr-tau,199,rankme,7,-0.8479,-1.0,-0.873,-0.9643,-0.8618,-0.8929
simclr-tau,199,rerankme,7,0.7696,0.3929,0.7558,0.4286,0.601,0.5714
simclr-tau,201,rankme,7,-0.8544,-1.0,-0.8781,-0.9643,-0.8634,-0.8929
simclr-tau,201,rerankme,7,0.781,0.3929,0.7692,0.4286,0.6108,0.5714
simclr-tau,202,rankme,7,-0.8532,-1.0,-0.8779,-0.9643,-0.8531,-0.8929
simclr-tau,202,rerankme,7,0.777,0.3929,0.764,0.4286,0.6053,0.5714
simclr-tau,203,rankme,7,-0.8508,-1.0,-0.8769,-0.9643,-0.8481,-0.8929
simclr-tau,203,rerankme,7,0.776,0.3929,0.7617,0.4286,0.6084,0.5714
simclr-tau,204,rankme,7,-0.8552,-1.0,-0.88,-0.9643,-0.8578,-0.8929
simclr-tau,204,rerankme,7,0.7669,0.3929,0.7539,0.4286,0.6006,0.5714
simclr-tau,205,rankme,7,-0.847,-1.0,-0.8715,-0.9643,-0.8519,-0.8929
simclr-tau,205,rerankme,7,0.7757,0.3929,0.761,0.4286,0.6105,0.5714
simclr-tau,206,rankme,7,-0.8532,-1.0,-0.8782,-0.9643,-0.8521,-0.8929
simclr-tau,206,rerankme,7,0.7852,0.3929,0.7738,0.4286,0.6239,0.5714
simclr-tau,208,rankme,7,-0.8631,-1.0,-0.8848,-0.9643,-0.8687,-0.8929
simclr-tau,208,rerankme,7,0.7664,0.3929,0.752,0.4286,0.599,0.5714
simclr-tau,209,rankme,7,-0.8483,-1.0,-0.8708,-0.9643,-0.8523,-0.8929
simclr-tau,209,rerankme,7,0.768,0.3929,0.7531,0.4286,0.5991,0.5714
simclr-tau,210,rankme,7,-0.842,-1.0,-0.867,-0.9643,-0.8523,-0.8929
simclr-tau,210,rerankme,7,0.7788,0.3929,0.7649,0.4286,0.6165,0.5714
simclr-tau,211,rankme,7,-0.8401,-1.0,-0.8674,-0.9643,-0.8357,-0.8929
simclr-tau,211,rerankme,7,0.7678,0.3929,0.7527,0.4286,0.6027,0.5714
simclr-tau,212,rankme,7,-0.8379,-1.0,-0.863,-0.9643,-0.8445,-0.8929
simclr-tau,212,rerankme,7,0.7791,0.3929,0.7652,0.4286,0.6133,0.5714
simclr-tau,215,rankme,7,-0.8444,-1.0,-0.8683,-0.9643,-0.8563,-0.8929
simclr-tau,215,rerankme,7,0.7803,0.3929,0.7685,0.4286,0.61,0.5714
simclr-tau,217,rankme,7,-0.8427,-1.0,-0.8676,-0.9643,-0.8458,-0.8929
simclr-tau,217,rerankme,7,0.7842,0.3929,0.7718,0.4286,0.6196,0.5714
simclr-tau,218,rankme,7,-0.8533,-1.0,-0.8779,-0.9643,-0.8511,-0.8929
simclr-tau,218,rerankme,7,0.7793,0.3929,0.7671,0.4286,0.6154,0.5714
simclr-tau,219,rankme,7,-0.8477,-1.0,-0.8727,-0.9643,-0.849,-0.8929
simclr-tau,219,rerankme,7,0.7655,0.3929,0.753,0.4286,0.5908,0.5714
simclr-tau,221,rankme,7,-0.8398,-1.0,-0.8654,-0.9643,-0.8449,-0.8929
simclr-tau,221,rerankme,7,0.7673,0.3929,0.7511,0.4286,0.5968,0.5714
simclr-tau,223,rankme,7,-0.8428,-1.0,-0.8676,-0.9643,-0.8482,-0.8929
simclr-tau,223,rerankme,7,0.7682,0.3929,0.7538,0.4286,0.5992,0.5714
simclr-tau,224,rankme,7,-0.8489,-1.0,-0.8726,-0.9643,-0.8561,-0.8929
simclr-tau,224,rerankme,7,0.7733,0.3929,0.7579,0.4286,0.6112,0.5714
simclr-tau,226,rankme,7,-0.843,-1.0,-0.8685,-0.9643,-0.8503,-0.8929
simclr-tau,226,rerankme,7,0.7788,0.3929,0.7652,0.4286,0.6111,0.5714
simclr-tau,228,rankme,7,-0.8503,-1.0,-0.8749,-0.9643,-0.8563,-0.8929
simclr-tau,228,rerankme,7,0.7768,0.3929,0.7616,0.4286,0.6176,0.5714
simclr-tau,229,rankme,7,-0.8449,-1.0,-0.8692,-0.9643,-0.8484,-0.8929
simclr-tau,229,rerankme,7,0.7784,0.3929,0.7666,0.4286,0.617,0.5714
simclr-tau,230,rankme,7,-0.8451,-1.0,-0.8681,-0.9643,-0.8478,-0.8929
simclr-tau,230,rerankme,7,0.7857,0.3929,0.7717,0.4286,0.6183,0.5714
simclr-tau,231,rankme,7,-0.8457,-1.0,-0.8704,-0.9643,-0.8513,-0.8929
simclr-tau,231,rerankme,7,0.7822,0.3929,0.7682,0.4286,0.6202,0.5714
simclr-tau,233,rankme,7,-0.8413,-1.0,-0.864,-0.9643,-0.8467,-0.8929
simclr-tau,233,rerankme,7,0.7904,0.3929,0.777,0.4286,0.6278,0.5714
simclr-tau,234,rankme,7,-0.8407,-1.0,-0.8654,-0.9643,-0.842,-0.8929
simclr-tau,234,rerankme,7,0.7829,0.3929,0.7712,0.4286,0.6193,0.5714
simclr-tau,235,rankme,7,-0.8416,-1.0,-0.8657,-0.9643,-0.8521,-0.8929
simclr-tau,235,rerankme,7,0.7675,0.3929,0.7511,0.4286,0.6068,0.5714
simclr-tau,236,rankme,7,-0.841,-1.0,-0.865,-0.9643,-0.8446,-0.8929
simclr-tau,236,rerankme,7,0.7649,0.3929,0.7501,0.4286,0.6019,0.5714
simclr-tau,239,rankme,7,-0.8382,-1.0,-0.8625,-0.9643,-0.8472,-0.8929
simclr-tau,239,rerankme,7,0.7848,0.3929,0.7717,0.4286,0.6215,0.5714
simclr-tau,240,rankme,7,-0.8386,-1.0,-0.8617,-0.9643,-0.8511,-0.8929
simclr-tau,240,rerankme,7,0.7759,0.3929,0.7609,0.4286,0.6114,0.5714
simclr-tau,241,rankme,7,-0.8441,-1.0,-0.8669,-0.9643,-0.8491,-0.8929
simclr-tau,241,rerankme,7,0.7758,0.3929,0.7611,0.4286,0.604,0.5714
simclr-tau,242,rankme,7,-0.845,-1.0,-0.8678,-0.9643,-0.8486,-0.8929
simclr-tau,242,rerankme,7,0.7581,0.3929,0.7446,0.4286,0.5823,0.5714
simclr-tau,244,rankme,7,-0.8383,-1.0,-0.863,-0.9643,-0.8433,-0.8929
simclr-tau,244,rerankme,7,0.7642,0.3929,0.7508,0.4286,0.5986,0.5714
simclr-tau,245,rankme,7,-0.8355,-1.0,-0.8606,-0.9643,-0.8423,-0.8929
simclr-tau,245,rerankme,7,0.7803,0.3929,0.7669,0.4286,0.6179,0.5714
simclr-tau,246,rankme,7,-0.8459,-1.0,-0.8707,-0.9643,-0.8461,-0.8929
simclr-tau,246,rerankme,7,0.7699,0.3929,0.756,0.4286,0.6027,0.5714
simclr-tau,247,rankme,7,-0.8407,-1.0,-0.8651,-0.9643,-0.8464,-0.8929
simclr-tau,247,rerankme,7,0.7677,0.3929,0.7534,0.4286,0.6013,0.5714
simclr-tau,249,rankme,7,-0.8392,-1.0,-0.8642,-0.9643,-0.8436,-0.8929
simclr-tau,249,rerankme,7,0.7711,0.3929,0.7564,0.4286,0.6041,0.5714
simclr-tau,250,rankme,7,-0.8439,-1.0,-0.8675,-0.9643,-0.8539,-0.8929
simclr-tau,250,rerankme,7,0.7794,0.3929,0.7654,0.4286,0.6171,0.5714
simclr-tau,251,rankme,7,-0.8378,-1.0,-0.862,-0.9643,-0.845,-0.8929
simclr-tau,251,rerankme,7,0.7674,0.3929,0.7531,0.4286,0.6027,0.5714
simclr-tau,252,rankme,7,-0.848,-1.0,-0.8722,-0.9643,-0.8503,-0.8929
simclr-tau,252,rerankme,7,0.7805,0.3929,0.7677,0.4286,0.6217,0.5714
simclr-tau,253,rankme,7,-0.8357,-1.0,-0.8603,-0.9643,-0.8459,-0.8929
simclr-tau,253,rerankme,7,0.7751,0.3929,0.7624,0.4286,0.6103,0.5714
simclr-tau,255,rankme,7,-0.8397,-1.0,-0.864,-0.9643,-0.8468,-0.8929
simclr-tau,255,rerankme,7,0.7678,0.3929,0.7544,0.4286,0.6016,0.5714
simclr-tau,260,rankme,7,-0.8412,-1.0,-0.8641,-0.9643,-0.8493,-0.8929
simclr-tau,260,rerankme,7,0.7648,0.3929,0.7515,0.4286,0.6008,0.5714
simclr-tau,261,rankme,7,-0.8313,-1.0,-0.8547,-0.9643,-0.8437,-0.8929
simclr-tau,261,rerankme,7,0.7671,0.3929,0.7518,0.4286,0.599,0.5714
simclr-tau,263,rankme,7,-0.8377,-1.0,-0.862,-0.9643,-0.8454,-0.8929
simclr-tau,263,rerankme,7,0.7635,0.3929,0.7493,0.4286,0.6061,0.5714
simclr-tau,264,rankme,7,-0.8348,-1.0,-0.8579,-0.9643,-0.844,-0.8929
simclr-tau,264,rerankme,7,0.7656,0.3929,0.7511,0.4286,0.5967,0.5714
simclr-tau,265,rankme,7,-0.8356,-1.0,-0.8597,-0.9643,-0.8447,-0.8929
simclr-tau,265,rerankme,7,0.7654,0.3929,0.751,0.4286,0.5983,0.5714
simclr-tau,267,rankme,7,-0.8421,-1.0,-0.8652,-0.9643,-0.85,-0.8929
simclr-tau,267,rerankme,7,0.7805,0.3929,0.7665,0.4286,0.6164,0.5714
simclr-tau,268,rankme,7,-0.8437,-1.0,-0.8674,-0.9643,-0.8527,-0.8929
simclr-tau,268,rerankme,7,0.7687,0.3929,0.7539,0.4286,0.605,0.5714
simclr-tau,269,rankme,7,-0.8426,-1.0,-0.8661,-0.9643,-0.8503,-0.8929
simclr-tau,269,rerankme,7,0.7594,0.3929,0.743,0.4286,0.5875,0.5714
simclr-tau,270,rankme,7,-0.8308,-1.0,-0.8553,-0.9643,-0.841,-0.8929
simclr-tau,270,rerankme,7,0.765,0.3929,0.7515,0.4286,0.5947,0.5714
simclr-tau,271,rankme,7,-0.8394,-1.0,-0.8626,-0.9643,-0.8504,-0.8929
simclr-tau,271,rerankme,7,0.7667,0.3929,0.7518,0.4286,0.6012,0.5714
simclr-tau,274,rankme,7,-0.8344,-1.0,-0.8582,-0.9643,-0.8451,-0.8929
simclr-tau,274,rerankme,7,0.7577,0.3929,0.7428,0.4286,0.5975,0.5714
simclr-tau,275,rankme,7,-0.8378,-1.0,-0.862,-0.9643,-0.8476,-0.8929
simclr-tau,275,rerankme,7,0.7721,0.3929,0.7578,0.4286,0.6038,0.5714
simclr-tau,277,rankme,7,-0.843,-1.0,-0.8666,-0.9643,-0.8491,-0.8929
simclr-tau,277,rerankme,7,0.7607,0.3929,0.7445,0.4286,0.5992,0.5714
simclr-tau,278,rankme,7,-0.8379,-1.0,-0.8622,-0.9643,-0.8441,-0.8929
simclr-tau,278,rerankme,7,0.7801,0.3929,0.7666,0.4286,0.6171,0.5714
simclr-tau,280,rankme,7,-0.8418,-1.0,-0.8659,-0.9643,-0.8481,-0.8929
simclr-tau,280,rerankme,7,0.7735,0.3929,0.7594,0.4286,0.6107,0.5714
simclr-tau,282,rankme,7,-0.8401,-1.0,-0.8649,-0.9643,-0.8465,-0.8929
simclr-tau,282,rerankme,7,0.7772,0.3929,0.7646,0.4286,0.6136,0.5714
simclr-tau,283,rankme,7,-0.8404,-1.0,-0.8649,-0.9643,-0.8474,-0.8929
simclr-tau,283,rerankme,7,0.7814,0.3929,0.7688,0.4286,0.6184,0.5714
simclr-tau,284,rankme,7,-0.8389,-1.0,-0.8627,-0.9643,-0.844,-0.8929
simclr-tau,284,rerankme,7,0.7654,0.3929,0.7525,0.4286,0.5988,0.5714
simclr-tau,286,rankme,7,-0.8418,-1.0,-0.8662,-0.9643,-0.8475,-0.8929
simclr-tau,286,rerankme,7,0.7726,0.3929,0.7573,0.4286,0.614,0.5714
simclr-tau,287,rankme,7,-0.8373,-1.0,-0.8617,-0.9643,-0.8451,-0.8929
simclr-tau,287,rerankme,7,0.769,0.3929,0.7561,0.4286,0.6055,0.5714
simclr-tau,289,rankme,7,-0.8426,-1.0,-0.8656,-0.9643,-0.8468,-0.8929
simclr-tau,289,rerankme,7,0.7762,0.3929,0.7622,0.4286,0.6177,0.5714
simclr-tau,290,rankme,7,-0.8477,-1.0,-0.8711,-0.9643,-0.8533,-0.8929
simclr-tau,290,rerankme,7,0.77,0.3929,0.7563,0.4286,0.606,0.5714
simclr-tau,291,rankme,7,-0.8407,-1.0,-0.8647,-0.9643,-0.8476,-0.8929
simclr-tau,291,rerankme,7,0.7796,0.3929,0.7648,0.4286,0.6183,0.5714
simclr-tau,292,rankme,7,-0.8415,-1.0,-0.8654,-0.9643,-0.8465,-0.8929
simclr-tau,292,rerankme,7,0.7625,0.3929,0.748,0.4286,0.5944,0.5714
simclr-tau,293,rankme,7,-0.8382,-1.0,-0.8624,-0.9643,-0.8475,-0.8929
simclr-tau,293,rerankme,7,0.7672,0.3929,0.751,0.4286,0.6018,0.5714
simclr-tau,294,rankme,7,-0.8419,-1.0,-0.8655,-0.9643,-0.8482,-0.8929
simclr-tau,294,rerankme,7,0.7746,0.3929,0.7601,0.4286,0.6112,0.5714
simclr-tau,296,rankme,7,-0.8406,-1.0,-0.8644,-0.9643,-0.845,-0.8929
simclr-tau,296,rerankme,7,0.7668,0.3929,0.7485,0.4286,0.6029,0.5714
simclr-tau,298,rankme,7,-0.8361,-1.0,-0.8615,-0.9643,-0.8463,-0.8929
simclr-tau,298,rerankme,7,0.7764,0.3929,0.7609,0.4286,0.6161,0.5714
simclr-tau,299,rankme,7,-0.8405,-1.0,-0.8646,-0.9643,-0.8459,-0.8929
simclr-tau,299,rerankme,7,0.7621,0.3929,0.747,0.4286,0.5962,0.5714
