sweep,downstream,selection_metric,selection_epoch,selected_final_downstream,oracle,first_epoch_in_band
simclr-tau,linear_probe,rankme,0,0.7527999877929688,0.8435999751091003,
simclr-tau,linear_probe,rankme,1,0.7527999877929688,0.8435999751091003,
simclr-tau,linear_probe,rankme,2,0.7826000452041626,0.8435999751091003,
simclr-tau,linear_probe,rankme,3,0.7527999877929688,0.8435999751091003,
simclr-tau,linear_probe,rankme,4,0.7527999877929688,0.8435999751091003,
simclr-tau,linear_probe,rankme,6,0.7527999877929688,0.8435999751091003,
simclr-tau,linear_probe,rankme,7,0.7527999877929688,0.8435999751091003,
simclr-tau,linear_probe,rankme,8,0.7527999877929688,0.8435999751091003,
simclr-tau,linear_probe,rankme,9,0.7527999877929688,0.8435999751091003,
simclr-tau,linear_probe,rankme,10,0.7527999877929688,0.8435999751091003,
simclr-tau,linear_probe,rankme,11,0.7527999877929688,0.8435999751091003,
simclr-tau,linear_probe,rankme,12,0.7527999877929688,0.8435999751091003,
simclr-tau,linear_probe,rankme,13,0.7527999877929688,0.8435999751091003,
simclr-tau,linear_probe,rankme,14,0.7527999877929688,0.8435999751091003,
simclr-tau,linear_probe,rankme,15,0.7527999877929688,0.8435999751091003,
simclr-tau,linear_probe,rankme,19,0.7527999877929688,0.8435999751091003,
simclr-tau,linear_probe,rankme,20,0.7527999877929688,0.8435999751091003,
simclr-tau,linear_probe,rankme,21,0.7527999877929688,0.8435999751091003,
simclr-tau,linear_probe,rankme,22,0.7527999877929688,0.8435999751091003,
simclr-tau,linear_probe,rankme,25,0.7527999877929688,0.8435999751091003,
simclr-tau,linear_probe,rankme,26,0.7527999877929688,0.8435999751091003,
simclr-tau,linear_probe,rankme,27,0.7527999877929688,0.8435999751091003,
simclr-tau,linear_probe,rankme,28,0.7527999877929688,0.8435999751091003,
simclr-tau,linear_probe,rankme,29,0.7527999877929688,0.8435999751091003,
simclr-tau,linear_probe,rankme,30,0.7527999877929688,0.8435999751091003,
simclr-tau,linear_probe,rankme,33,0.7527999877929688,0.8435999751091003,
simclr-tau,linear_probe,rankme,35,0.7527999877929688,0.8435999751091003,
simclr-tau,linear_probe,rankme,36,0.7527999877929688,0.8435999751091003,
simclr-tau,linear_probe,rankme,39,0.7527999877929688,0.8435999751091003,
simclr-tau,linear_probe,rankme,40,0.7527999877929688,0.8435999751091003,
simclr-tau,linear_probe,rankme,41,0.7527999877929688,0.8435999751091003,
simclr-tau,linear_probe,rankme,42,0.7527999877929688,0.8435999751091003,
simclr-tau,linear_probe,rankme,43,0.7527999877929688,0.8435999751091003,
simclr-tau,linear_probe,rankme,44,0.7527999877929688,0.8435999751091003,
simclr-tau,linear_probe,rankme,45,0.7527999877929688,0.8435999751091003,
simclr-tau,linear_probe,rankme,46,0.7527999877929688,0.8435999751091003,
simclr-tau,linear_probe,rankme,47,0.7527999877929688,0.8435999751091003,
simclr-tau,linear_probe,rankme,49,0.7527999877929688,0.8435999751091003,
simclr-tau,linear_probe,rankme,51,0.7527999877929688,0.8435999751091003,
simclr-tau,linear_probe,rankme,54,0.7527999877929688,0.8435999751091003,
simclr-tau,linear_probe,rankme,56,0.7527999877929688,0.8435999751091003,
simclr-tau,linear_probe,rankme,57,0.7527999877929688,0.8435999751091003,
simclr-tau,linear_probe,rankme,60,0.7527999877929688,0.8435999751091003,
simclr-tau,linear_probe,rankme,61,0.7527999877929688,0.8435999751091003,
simclr-tau,linear_probe,rankme,62,0.7527999877929688,0.8435999751091003,
simclr-tau,linear_probe,rankme,68,0.7527999877929688,0.8435999751091003,
simclr-tau,linear_probe,rankme,69,0.7527999877929688,0.8435999751091003,
simclr-tau,linear_probe,rankme,71,0.7527999877929688,0.8435999751091003,
simclr-tau,linear_probe,rankme,73,0.7527999877929688,0.8435999751091003,
simclr-tau,linear_probe,rankme,74,0.7527999877929688,0.8435999751091003,
simclr-tau,linear_probe,rankme,76,0.7527999877929688,0.8435999751091003,
simclr-tau,linear_probe,rankme,78,0.7527999877929688,0.8435999751091003,
simclr-tau,linear_probe,rankme,79,0.7527999877929688,0.8435999751091003,
simclr-tau,linear_probe,rankme,82,0.7527999877929688,0.8435999751091003,
simclr-tau,linear_probe,rankme,83,0.7527999877929688,0.8435999751091003,
simclr-tau,linear_probe,rankme,84,0.7527999877929688,0.8435999751091003,
simclr-tau,linear_probe,rankme,85,0.7527999877929688,0.8435999751091003,
simclr-tau,linear_probe,rankme,87,0.7527999877929688,0.8435999751091003,
simclr-tau,linear_probe,rankme,88,0.7527999877929688,0.8435999751091003,
simclr-tau,linear_probe,rankme,89,0.7527999877929688,0.8435999751091003,
simclr-tau,linear_probe,rankme,90,0.7527999877929688,0.8435999751091003,
simclr-tau,linear_probe,rankme,91,0.7527999877929688,0.8435999751091003,
simclr-tau,linear_probe,rankme,92,0.7527999877929688,0.8435999751091003,
simclr-tau,linear_probe,rankme,95,0.7527999877929688,0.8435999751091003,
simclr-tau,linear_probe,rankme,97,0.7527999877929688,0.8435999751091003,
simclr-tau,linear_probe,rankme,99,0.7527999877929688,0.8435999751091003,
simclr-tau,linear_probe,rankme,101,0.7527999877929688,0.8435999751091003,
simclr-tau,linear_probe,rankme,103,0.7527999877929688,0.8435999751091003,
simclr-tau,linear_probe,rankme,104,0.7527999877929688,0.8435999751091003,
simclr-tau,linear_probe,rankme,107,0.7527999877929688,0.8435999751091003,
simclr-tau,linear_probe,rankme,108,0.7527999877929688,0.8435999751091003,
simclr-tau,linear_probe,rankme,110,0.7527999877929688,0.8435999751091003,
simclr-tau,linear_probe,rankme,111,0.7527999877929688,0.8435999751091003,
simclr-tau,linear_probe,rankme,112,0.7527999877929688,0.8435999751091003,
simclr-tau,linear_probe,rankme,113,0.7527999877929688,0.8435999751091003,
simclr-tau,linear_probe,rankme,114,0.7527999877929688,0.8435999751091003,
simclr-tau,linear_probe,rankme,115,0.7527999877929688,0.8435999751091003,
simclr-tau,linear_probe,rankme,116,0.7527999877929688,0.8435999751091003,
simclr-tau,linear_probe,rankme,117,0.7527999877929688,0.8435999751091003,
simclr-tau,linear_probe,rankme,118,0.7527999877929688,0.8435999751091003,
simclr-tau,linear_probe,rankme,120,0.7527999877929688,0.8435999751091003,
simclr-tau,linear_probe,rankme,121,0.7527999877929688,0.8435999751091003,
simclr-tau,linear_probe,rankme,122,0.7527999877929688,0.8435999751091003,
simclr-tau,linear_probe,rankme,124,0.7527999877929688,0.8435999751091003,
simclr-tau,linear_probe,rankme,125,0.7527999877929688,0.8435999751091003,
simclr-tau,linear_probe,rankme,126,0.7527999877929688,0.8435999751091003,
simclr-tau,linear_probe,rankme,127,0.7527999877929688,0.8435999751091003,
simclr-tau,linear_probe,rankme,128,0.7527999877929688,0.8435999751091003,
simclr-tau,linear_probe,rankme,130,0.7527999877929688,0.8435999751091003,
simclr-tau,linear_probe,rankme,131,0.7527999877929688,0.8435999751091003,
simclr-tau,linear_probe,rankme,133,0.7527999877929688,0.8435999751091003,
simclr-tau,linear_probe,rankme,135,0.7527999877929688,0.8435999751091003,
simclr-tau,linear_probe,rankme,136,0.7527999877929688,0.8435999751091003,
simclr-tau,linear_probe,rankme,137,0.7527999877929688,0.8435999751091003,
simclr-tau,linear_probe,rankme,138,0.7527999877929688,0.8435999751091003,
simclr-tau,linear_probe,rankme,139,0.7527999877929688,0.8435999751091003,
simclr-tau,linear_probe,rankme,140,0.7527999877929688,0.8435999751091003,
simclr-tau,linear_probe,rankme,143,0.7527999877929688,0.8435999751091003,
simclr-tau,linear_probe,rankme,145,0.7527999877929688,0.8435999751091003,
simclr-tau,linear_probe,rankme,147,0.7527999877929688,0.8435999751091003,
simclr-tau,linear_probe,rankme,148,0.7527999877929688,0.8435999751091003,
simclr-tau,linear_probe,rankme,149,0.7527999877929688,0.8435999751091003,
simclr-tau,linear_probe,rankme,150,0.7527999877929688,0.8435999751091003,
simclr-tau,linear_probe,rankme,151,0.7527999877929688,0.8435999751091003,
simclr-tau,linear_probe,rankme,154,0.7527999877929688,0.8435999751091003,
simclr-tau,linear_probe,rankme,156,0.7527999877929688,0.8435999751091003,
simclr-tau,linear_probe,rankme,159,0.7527999877929688,0.8435999751091003,
simclr-tau,linear_probe,rankme,160,0.7527999877929688,0.8435999751091003,
simclr-tau,linear_probe,rankme,161,0.7527999877929688,0.8435999751091003,
simclr-tau,linear_probe,rankme,162,0.7527999877929688,0.8435999751091003,
simclr-tau,linear_probe,rankme,164,0.7527999877929688,0.8435999751091003,
simclr-tau,linear_probe,rankme,165,0.7527999877929688,0.8435999751091003,
simclr-tau,linear_probe,rankme,167,0.7527999877929688,0.8435999751091003,
simclr-tau,linear_probe,rankme,172,0.7527999877929688,0.8435999751091003,
simclr-tau,linear_probe,rankme,173,0.7527999877929688,0.8435999751091003,
simclr-tau,linear_probe,rankme,175,0.7527999877929688,0.8435999751091003,
simclr-tau,linear_probe,rankme,176,0.7527999877929688,0.8435999751091003,
simclr-tau,linear_probe,rankme,177,0.7527999877929688,0.8435999751091003,
simclr-tau,linear_probe,rankme,178,0.7527999877929688,0.8435999751091003,
simclr-tau,linear_probe,rankme,179,0.7527999877929688,0.8435999751091003,
simclr-tau,linear_probe,rankme,182,0.7527999877929688,0.8435999751091003,
simclr-tau,linear_probe,rankme,183,0.7527999877929688,0.8435999751091003,
simclr-tau,linear_probe,rankme,184,0.7527999877929688,0.8435999751091003,
simclr-tau,linear_probe,rankme,187,0.7527999877929688,0.8435999751091003,
simclr-tau,linear_probe,rankme,189,0.7527999877929688,0.8435999751091003,
simclr-tau,linear_probe,rankme,190,0.7527999877929688,0.8435999751091003,
simclr-tau,linear_probe,rankme,191,0.7527999877929688,0.8435999751091003,
simclr-tau,linear_probe,rankme,192,0.7527999877929688,0.8435999751091003,
simclr-tau,linear_probe,rankme,193,0.7527999877929688,0.8435999751091003,
simclr-tau,linear_probe,rankme,195,0.7527999877929688,0.8435999751091003,
simclr-tau,linear_probe,rankme,197,0.7527999877929688,0.8435999751091003,
simclr-tau,linear_probe,rankme,198,0.7527999877929688,0.8435999751091003,
simclr-tau,linear_probe,rankme,199,0.7527999877929688,0.8435999751091003,
simclr-tau,linear_probe,rankme,201,0.7527999877929688,0.8435999751091003,
simclr-tau,linear_probe,rankme,202,0.7527999877929688,0.8435999751091003,
simclr-tau,linear_probe,rankme,203,0.7527999877929688,0.8435999751091003,
simclr-tau,linear_probe,rankme,204,0.7527999877929688,0.8435999751091003,
simclr-tau,linear_probe,rankme,205,0.7527999877929688,0.8435999751091003,
simclr-tau,linear_probe,rankme,206,0.7527999877929688,0.8435999751091003,
simclr-tau,linear_probe,rankme,208,0.7527999877929688,0.8435999751091003,
simclr-tau,linear_probe,rankme,209,0.7527999877929688,0.8435999751091003,
simclr-tau,linear_probe,rankme,210,0.7527999877929688,0.8435999751091003,
simclr-tau,linear_probe,rankme,211,0.7527999877929688,0.8435999751091003,
simclr-tau,linear_probe,rankme,212,0.7527999877929688,0.8435999751091003,
simclr-tau,linear_probe,rankme,215,0.7527999877929688,0.8435999751091003,
simclr-tau,linear_probe,rankme,217,0.7527999877929688,0.8435999751091003,
simclr-tau,linear_probe,rankme,218,0.7527999877929688,0.8435999751091003,
simclr-tau,linear_probe,rankme,219,0.7527999877929688,0.8435999751091003,
simclr-tau,linear_probe,rankme,221,0.7527999877929688,0.8435999751091003,
simclr-tau,linear_probe,rankme,223,0.7527999877929688,0.8435999751091003,
simclr-tau,linear_probe,rankme,224,0.7527999877929688,0.8435999751091003,
simclr-tau,linear_probe,rankme,226,0.7527999877929688,0.8435999751091003,
simclr-tau,linear_probe,rankme,228,0.7527999877929688,0.8435999751091003,
simclr-tau,linear_probe,rankme,229,0.7527999877929688,0.8435999751091003,
simclr-tau,linear_probe,rankme,230,0.7527999877929688,0.8435999751091003,
simclr-tau,linear_probe,rankme,231,0.7527999877929688,0.8435999751091003,
simclr-tau,linear_probe,rankme,233,0.7527999877929688,0.8435999751091003,
simclr-tau,linear_probe,rankme,234,0.7527999877929688,0.8435999751091003,
simclr-tau,linear_probe,rankme,235,0.7527999877929688,0.8435999751091003,
simclr-tau,linear_probe,rankme,236,0.7527999877929688,0.8435999751091003,
simclr-tau,linear_probe,rankme,239,0.7527999877929688,0.8435999751091003,
simclr-tau,linear_probe,rankme,240,0.7527999877929688,0.8435999751091003,
simclr-tau,linear_probe,rankme,241,0.7527999877929688,0.8435999751091003,
simclr-tau,linear_probe,rankme,242,0.7527999877929688,0.8435999751091003,
simclr-tau,linear_probe,rankme,244,0.7527999877929688,0.8435999751091003,
simclr-tau,linear_probe,rankme,245,0.7527999877929688,0.8435999751091003,
simclr-tau,linear_probe,rankme,246,0.7527999877929688,0.8435999751091003,
simclr-tau,linear_probe,rankme,247,0.7527999877929688,0.8435999751091003,
simclr-tau,linear_probe,rankme,249,0.7527999877929688,0.8435999751091003,
simclr-tau,linear_probe,rankme,250,0.7527999877929688,0.8435999751091003,
simclr-tau,linear_probe,rankme,251,0.7527999877929688,0.8435999751091003,
simclr-tau,linear_probe,rankme,252,0.7527999877929688,0.8435999751091003,
simclr-tau,linear_probe,rankme,253,0.7527999877929688,0.8435999751091003,
simclr-tau,linear_probe,rankme,255,0.7527999877929688,0.8435999751091003,
simclr-tau,linear_probe,rankme,260,0.7527999877929688,0.8435999751091003,
simclr-tau,linear_probe,rankme,261,0.7527999877929688,0.8435999751091003,
simclr-tau,linear_probe,rankme,263,0.7527999877929688,0.8435999751091003,
simclr-tau,linear_probe,rankme,264,0.7527999877929688,0.8435999751091003,
simclr-tau,linear_probe,rankme,265,0.7527999877929688,0.8435999751091003,
simclr-tau,linear_probe,rankme,267,0.7527999877929688,0.8435999751091003,
simclr-tau,linear_probe,rankme,268,0.7527999877929688,0.8435999751091003,
simclr-tau,linear_probe,rankme,269,0.7527999877929688,0.8435999751091003,
simclr-tau,linear_probe,rankme,270,0.7527999877929688,0.8435999751091003,
simclr-tau,linear_probe,rankme,271,0.7527999877929688,0.8435999751091003,
simclr-tau,linear_probe,rankme,274,0.7527999877929688,0.8435999751091003,
simclr-tau,linear_probe,rankme,275,0.7527999877929688,0.8435999751091003,
simclr-tau,linear_probe,rankme,277,0.7527999877929688,0.8435999751091003,
simclr-tau,linear_probe,rankme,278,0.7527999877929688,0.8435999751091003,
simclr-tau,linear_probe,rankme,280,0.7527999877929688,0.8435999751091003,
simclr-tau,linear_probe,rankme,282,0.7527999877929688,0.8435999751091003,
simclr-tau,linear_probe,rankme,283,0.7527999877929688,0.8435999751091003,
simclr-tau,linear_probe,rankme,284,0.7527999877929688,0.8435999751091003,
simclr-tau,linear_probe,rankme,286,0.7527999877929688,0.8435999751091003,
simclr-tau,linear_probe,rankme,287,0.7527999877929688,0.8435999751091003,
simclr-tau,linear_probe,rankme,289,0.7527999877929688,0.8435999751091003,
simclr-tau,linear_probe,rankme,290,0.7527999877929688,0.8435999751091003,
simclr-tau,linear_probe,rankme,291,0.7527999877929688,0.8435999751091003,
simclr-tau,linear_probe,rankme,292,0.7527999877929688,0.8435999751091003,
simclr-tau,linear_probe,rankme,293,0.7527999877929688,0.8435999751091003,
simclr-tau,linear_probe,rankme,294,0.7527999877929688,0.8435999751091003,
simclr-tau,linear_probe,rankme,296,0.7527999877929688,0.8435999751091003,
simclr-tau,linear_probe,rankme,298,0.7527999877929688,0.8435999751091003,
simclr-tau,linear_probe,rankme,299,0.7527999877929688,0.8435999751091003,
simclr-tau,linear_probe,rerankme,0,0.8435999751091003,0.8435999751091003,0
simclr-tau,linear_probe,rerankme,1,0.8389999866485596,0.8435999751091003,0
simclr-tau,linear_probe,rerankme,2,0.8389999866485596,0.8435999751091003,0
simclr-tau,linear_probe,rerankme,3,0.8312000036239624,0.8435999751091003,0
simclr-tau,linear_probe,rerankme,4,0.8312000036239624,0.8435999751091003,0
simclr-tau,linear_probe,rerankme,6,0.8312000036239624,0.8435999751091003,0
simclr-tau,linear_probe,rerankme,7,0.8312000036239624,0.8435999751091003,0
simclr-tau,linear_probe,rerankme,8,0.8312000036239624,0.8435999751091003,0
simclr-tau,linear_probe,rerankme,9,0.8312000036239624,0.8435999751091003,0
simclr-tau,linear_probe,rerankme,10,0.8312000036239624,0.8435999751091003,0
simclr-tau,linear_probe,rerankme,11,0.8312000036239624,0.8435999751091003,0
simclr-tau,linear_probe,rerankme,12,0.8312000036239624,0.8435999751091003,0
simclr-tau,linear_probe,rerankme,13,0.8312000036239624,0.8435999751091003,0
simclr-tau,linear_probe,rerankme,14,0.8312000036239624,0.8435999751091003,0
simclr-tau,linear_probe,rerankme,15,0.8312000036239624,0.8435999751091003,0
simclr-tau,linear_probe,rerankme,19,0.8312000036239624,0.8435999751091003,0
simclr-tau,linear_probe,rerankme,20,0.8312000036239624,0.8435999751091003,0
simclr-tau,linear_probe,rerankme,21,0.8312000036239624,0.8435999751091003,0
simclr-tau,linear_probe,rerankme,22,0.8312000036239624,0.8435999751091003,0
simclr-tau,linear_probe,rerankme,25,0.8312000036239624,0.8435999751091003,0
simclr-tau,linear_probe,rerankme,26,0.8312000036239624,0.8435999751091003,0
simclr-tau,linear_probe,rerankme,27,0.8312000036239624,0.8435999751091003,0
simclr-tau,linear_probe,rerankme,28,0.8312000036239624,0.8435999751091003,0
simclr-tau,linear_probe,rerankme,29,0.8312000036239624,0.8435999751091003,0
simclr-tau,linear_probe,rerankme,30,0.8312000036239624,0.8435999751091003,0
simclr-tau,linear_probe,rerankme,33,0.8312000036239624,0.8435999751091003,0
simclr-tau,linear_probe,rerankme,35,0.8312000036239624,0.8435999751091003,0
simclr-tau,linear_probe,rerankme,36,0.8312000036239624,0.8435999751091003,0
simclr-tau,linear_probe,rerankme,39,0.8312000036239624,0.8435999751091003,0
simclr-tau,linear_probe,rerankme,40,0.8312000036239624,0.8435999751091003,0
simclr-tau,linear_probe,rerankme,41,0.8312000036239624,0.8435999751091003,0
simclr-tau,linear_probe,rerankme,42,0.8312000036239624,0.8435999751091003,0
simclr-tau,linear_probe,rerankme,43,0.8312000036239624,0.8435999751091003,0
simclr-tau,linear_probe,rerankme,44,0.8312000036239624,0.8435999751091003,0
simclr-tau,linear_probe,rerankme,45,0.8312000036239624,0.8435999751091003,0
simclr-tau,linear_probe,rerankme,46,0.8312000036239624,0.8435999751091003,0
simclr-tau,linear_probe,rerankme,47,0.8312000036239624,0.8435999751091003,0
simclr-tau,linear_probe,rerankme,49,0.8312000036239624,0.8435999751091003,0
simclr-tau,linear_probe,rerankme,51,0.8312000036239624,0.8435999751091003,0
simclr-tau,linear_probe,rerankme,54,0.8312000036239624,0.8435999751091003,0
simclr-tau,linear_probe,rerankme,56,0.8312000036239624,0.8435999751091003,0
simclr-tau,linear_probe,rerankme,57,0.8312000036239624,0.8435999751091003,0
simclr-tau,linear_probe,rerankme,60,0.8312000036239624,0.8435999751091003,0
simclr-tau,linear_probe,rerankme,61,0.8312000036239624,0.8435999751091003,0
simclr-tau,linear_probe,rerankme,62,0.8312000036239624,0.8435999751091003,0
simclr-tau,linear_probe,rerankme,68,0.8312000036239624,0.8435999751091003,0
simclr-tau,linear_probe,rerankme,69,0.8312000036239624,0.8435999751091003,0
simclr-tau,linear_probe,rerankme,71,0.8312000036239624,0.8435999751091003,0
simclr-tau,linear_probe,rerankme,73,0.8312000036239624,0.8435999751091003,0
simclr-tau,linear_probe,rerankme,74,0.8312000036239624,0.8435999751091003,0
simclr-tau,linear_probe,rerankme,76,0.8312000036239624,0.8435999751091003,0
simclr-tau,linear_probe,rerankme,78,0.8312000036239624,0.8435999751091003,0
simclr-tau,linear_probe,rerankme,79,0.8312000036239624,0.8435999751091003,0
simclr-tau,linear_probe,rerankme,82,0.8312000036239624,0.8435999751091003,0
simclr-tau,linear_probe,rerankme,83,0.8312000036239624,0.8435999751091003,0
simclr-tau,linear_probe,rerankme,84,0.8312000036239624,0.8435999751091003,0
simclr-tau,linear_probe,rerankme,85,0.8312000036239624,0.8435999751091003,0
simclr-tau,linear_probe,rerankme,87,0.8312000036239624,0.8435999751091003,0
simclr-tau,linear_probe,rerankme,88,0.8312000036239624,0.8435999751091003,0
simclr-tau,linear_probe,rerankme,89,0.8312000036239624,0.8435999751091003,0
simclr-tau,linear_probe,rerankme,90,0.8312000036239624,0.8435999751091003,0
simclr-tau,linear_probe,rerankme,91,0.8312000036239624,0.8435999751091003,0
simclr-tau,linear_probe,rerankme,92,0.8312000036239624,0.8435999751091003,0
simclr-tau,linear_probe,rerankme,95,0.8312000036239624,0.8435999751091003,0
simclr-tau,linear_probe,rerankme,97,0.8312000036239624,0.8435999751091003,0
simclr-tau,linear_probe,rerankme,99,0.8312000036239624,0.8435999751091003,0
simclr-tau,linear_probe,rerankme,101,0.8312000036239624,0.8435999751091003,0
simclr-tau,linear_probe,rerankme,103,0.8312000036239624,0.8435999751091003,0
simclr-tau,linear_probe,rerankme,104,0.8312000036239624,0.8435999751091003,0
simclr-tau,linear_probe,rerankme,107,0.8312000036239624,0.8435999751091003,0
simclr-tau,linear_probe,rerankme,108,0.8312000036239624,0.8435999751091003,0
simclr-tau,linear_probe,rerankme,110,0.8312000036239624,0.8435999751091003,0
simclr-tau,linear_probe,rerankme,111,0.8312000036239624,0.8435999751091003,0
simclr-tau,linear_probe,rerankme,112,0.8312000036239624,0.8435999751091003,0
simclr-tau,linear_probe,rerankme,113,0.8312000036239624,0.8435999751091003,0
simclr-tau,linear_probe,rerankme,114,0.8312000036239624,0.8435999751091003,0
simclr-tau,linear_probe,rerankme,115,0.8312000036239624,0.8435999751091003,0
simclr-tau,linear_probe,rerankme,116,0.8312000036239624,0.8435999751091003,0
simclr-tau,linear_probe,rerankme,117,0.8312000036239624,0.8435999751091003,0
simclr-tau,linear_probe,rerankme,118,0.8312000036239624,0.8435999751091003,0
simclr-tau,linear_probe,rerankme,120,0.8312000036239624,0.8435999751091003,0
simclr-tau,linear_probe,rerankme,121,0.8312000036239624,0.8435999751091003,0
simclr-tau,linear_probe,rerankme,122,0.8312000036239624,0.8435999751091003,0
simclr-tau,linear_probe,rerankme,124,0.8312000036239624,0.8435999751091003,0
simclr-tau,linear_probe,rerankme,125,0.8312000036239624,0.8435999751091003,0
simclr-tau,linear_probe,rerankme,126,0.8312000036239624,0.8435999751091003,0
simclr-tau,linear_probe,rerankme,127,0.8312000036239624,0.8435999751091003,0
simclr-tau,linear_probe,rerankme,128,0.8312000036239624,0.8435999751091003,0
simclr-tau,linear_probe,rerankme,130,0.8312000036239624,0.8435999751091003,0
simclr-tau,linear_probe,rerankme,131,0.8312000036239624,0.8435999751091003,0
simclr-tau,linear_probe,rerankme,133,0.8312000036239624,0.8435999751091003,0
simclr-tau,linear_probe,rerankme,135,0.8312000036239624,0.8435999751091003,0
simclr-tau,linear_probe,rerankme,136,0.8312000036239624,0.8435999751091003,0
simclr-tau,linear_probe,rerankme,137,0.8312000036239624,0.8435999751091003,0
simclr-tau,linear_probe,rerankme,138,0.8312000036239624,0.8435999751091003,0
simclr-tau,linear_probe,rerankme,139,0.8312000036239624,0.8435999751091003,0
simclr-tau,linear_probe,rerankme,140,0.8312000036239624,0.8435999751091003,0
simclr-tau,linear_probe,rerankme,143,0.8312000036239624,0.8435999751091003,0
simclr-tau,linear_probe,rerankme,145,0.8312000036239624,0.8435999751091003,0
simclr-tau,linear_probe,rerankme,147,0.8312000036239624,0.8435999751091003,0
simclr-tau,linear_probe,rerankme,148,0.8312000036239624,0.8435999751091003,0
simclr-tau,linear_probe,rerankme,149,0.8312000036239624,0.8435999751091003,0
simclr-tau,linear_probe,rerankme,150,0.8312000036239624,0.8435999751091003,0
simclr-tau,linear_probe,rerankme,151,0.8312000036239624,0.8435999751091003,0
simclr-tau,linear_probe,rerankme,154,0.8312000036239624,0.8435999751091003,0
simclr-tau,linear_probe,rerankme,156,0.8312000036239624,0.8435999751091003,0
simclr-tau,linear_probe,rerankme,159,0.8312000036239624,0.8435999751091003,0
simclr-tau,linear_probe,rerankme,160,0.8312000036239624,0.8435999751091003,0
simclr-tau,linear_probe,rerankme,161,0.8312000036239624,0.8435999751091003,0
simclr-tau,linear_probe,rerankme,162,0.8312000036239624,0.8435999751091003,0
simclr-tau,linear_probe,rerankme,164,0.8312000036239624,0.8435999751091003,0
simclr-tau,linear_probe,rerankme,165,0.8312000036239624,0.8435999751091003,0
simclr-tau,linear_probe,rerankme,167,0.8312000036239624,0.8435999751091003,0
simclr-tau,linear_probe,rerankme,172,0.8312000036239624,0.8435999751091003,0
simclr-tau,linear_probe,rerankme,173,0.8312000036239624,0.8435999751091003,0
simclr-tau,linear_probe,rerankme,175,0.8312000036239624,0.8435999751091003,0
simclr-tau,linear_probe,rerankme,176,0.8312000036239624,0.8435999751091003,0
simclr-tau,linear_probe,rerankme,177,0.8312000036239624,0.8435999751091003,0
simclr-tau,linear_probe,rerankme,178,0.8312000036239624,0.8435999751091003,0
simclr-tau,linear_probe,rerankme,179,0.8312000036239624,0.8435999751091003,0
simclr-tau,linear_probe,rerankme,182,0.8312000036239624,0.8435999751091003,0
simclr-tau,linear_probe,rerankme,183,0.8312000036239624,0.8435999751091003,0
simclr-tau,linear_probe,rerankme,184,0.8312000036239624,0.8435999751091003,0
simclr-tau,linear_probe,rerankme,187,0.8312000036239624,0.8435999751091003,0
simclr-tau,linear_probe,rerankme,189,0.8312000036239624,0.8435999751091003,0
simclr-tau,linear_probe,rerankme,190,0.8312000036239624,0.8435999751091003,0
simclr-tau,linear_probe,rerankme,191,0.8312000036239624,0.8435999751091003,0
simclr-tau,linear_probe,rerankme,192,0.8312000036239624,0.8435999751091003,0
simclr-tau,linear_probe,rerankme,193,0.8312000036239624,0.8435999751091003,0
simclr-tau,linear_probe,rerankme,195,0.8312000036239624,0.8435999751091003,0
simclr-tau,linear_probe,rerankme,197,0.8312000036239624,0.8435999751091003,0
simclr-tau,linear_probe,rerankme,198,0.8312000036239624,0.8435999751091003,0
simclr-tau,linear_probe,rerankme,199,0.8312000036239624,0.8435999751091003,0
simclr-tau,linear_probe,rerankme,201,0.8312000036239624,0.8435999751091003,0
simclr-tau,linear_probe,rerankme,202,0.8312000036239624,0.8435999751091003,0
simclr-tau,linear_probe,rerankme,203,0.8312000036239624,0.8435999751091003,0
simclr-tau,linear_probe,rerankme,204,0.8312000036239624,0.8435999751091003,0
simclr-tau,linear_probe,rerankme,205,0.8312000036239624,0.8435999751091003,0
simclr-tau,linear_probe,rerankme,206,0.8312000036239624,0.8435999751091003,0
simclr-tau,linear_probe,rerankme,208,0.8312000036239624,0.8435999751091003,0
simclr-tau,linear_probe,rerankme,209,0.8312000036239624,0.8435999751091003,0
simclr-tau,linear_probe,rerankme,210,0.8312000036239624,0.8435999751091003,0
simclr-tau,linear_probe,rerankme,211,0.8312000036239624,0.8435999751091003,0
simclr-tau,linear_probe,rerankme,212,0.8312000036239624,0.8435999751091003,0
simclr-tau,linear_probe,rerankme,215,0.8312000036239624,0.8435999751091003,0
simclr-tau,linear_probe,rerankme,217,0.8312000036239624,0.8435999751091003,0
simclr-tau,linear_probe,rerankme,218,0.8312000036239624,0.8435999751091003,0
simclr-tau,linear_probe,rerankme,219,0.8312000036239624,0.8435999751091003,0
simclr-tau,linear_probe,rerankme,221,0.8312000036239624,0.8435999751091003,0
simclr-tau,linear_probe,rerankme,223,0.8312000036239624,0.8435999751091003,0
simclr-tau,linear_probe,rerankme,224,0.8312000036239624,0.8435999751091003,0
simclr-tau,linear_probe,rerankme,226,0.8312000036239624,0.8435999751091003,0
simclr-tau,linear_probe,rerankme,228,0.8312000036239624,0.8435999751091003,0
simclr-tau,linear_probe,rerankme,229,0.8312000036239624,0.8435999751091003,0
simclr-tau,linear_probe,rerankme,230,0.8312000036239624,0.8435999751091003,0
simclr-tau,linear_probe,rerankme,231,0.8312000036239624,0.8435999751091003,0
simclr-tau,linear_probe,rerankme,233,0.8312000036239624,0.8435999751091003,0
simclr-tau,linear_probe,rerankme,234,0.8312000036239624,0.8435999751091003,0
simclr-tau,linear_probe,rerankme,235,0.8312000036239624,0.8435999751091003,0
simclr-tau,linear_probe,rerankme,236,0.8312000036239624,0.8435999751091003,0
simclr-tau,linear_probe,rerankme,239,0.8312000036239624,0.8435999751091003,0
simclr-tau,linear_probe,rerankme,240,0.8312000036239624,0.8435999751091003,0
simclr-tau,linear_probe,rerankme,241,0.8312000036239624,0.8435999751091003,0
simclr-tau,linear_probe,rerankme,242,0.8312000036239624,0.8435999751091003,0
simclr-tau,linear_probe,rerankme,244,0.8312000036239624,0.8435999751091003,0
simclr-tau,linear_probe,rerankme,245,0.8312000036239624,0.8435999751091003,0
simclr-tau,linear_probe,rerankme,246,0.8312000036239624,0.8435999751091003,0
simclr-tau,linear_probe,rerankme,247,0.8312000036239624,0.8435999751091003,0
simclr-tau,linear_probe,rerankme,249,0.8312000036239624,0.8435999751091003,0
simclr-tau,linear_probe,rerankme,250,0.8312000036239624,0.8435999751091003,0
simclr-tau,linear_probe,rerankme,251,0.8312000036239624,0.8435999751091003,0
simclr-tau,linear_probe,rerankme,252,0.8312000036239624,0.8435999751091003,0
simclr-tau,linear_probe,rerankme,253,0.8312000036239624,0.8435999751091003,0
simclr-tau,linear_probe,rerankme,255,0.8312000036239624,0.8435999751091003,0
simclr-tau,linear_probe,rerankme,260,0.8312000036239624,0.8435999751091003,0
simclr-tau,linear_probe,rerankme,261,0.8312000036239624,0.8435999751091003,0
simclr-tau,linear_probe,rerankme,263,0.8312000036239624,0.8435999751091003,0
simclr-tau,linear_probe,rerankme,264,0.8312000036239624,0.8435999751091003,0
simclr-tau,linear_probe,rerankme,265,0.8312000036239624,0.8435999751091003,0
simclr-tau,linear_probe,rerankme,267,0.8312000036239624,0.8435999751091003,0
simclr-tau,linear_probe,rerankme,268,0.8312000036239624,0.8435999751091003,0
simclr-tau,linear_probe,rerankme,269,0.8312000036239624,0.8435999751091003,0
simclr-tau,linear_probe,rerankme,270,0.8312000036239624,0.8435999751091003,0
simclr-tau,linear_probe,rerankme,271,0.8312000036239624,0.8435999751091003,0
simclr-tau,linear_probe,rerankme,274,0.8312000036239624,0.8435999751091003,0
simclr-tau,linear_probe,rerankme,275,0.8312000036239624,0.8435999751091003,0
simclr-tau,linear_probe,rerankme,277,0.8312000036239624,0.8435999751091003,0
simclr-tau,linear_probe,rerankme,278,0.8312000036239624,0.8435999751091003,0
simclr-tau,linear_probe,rerankme,280,0.8312000036239624,0.8435999751091003,0
simclr-tau,linear_probe,rerankme,282,0.8312000036239624,0.8435999751091003,0
simclr-tau,linear_probe,rerankme,283,0.8312000036239624,0.8435999751091003,0
simclr-tau,linear_probe,rerankme,284,0.8312000036239624,0.8435999751091003,0
simclr-tau,linear_probe,rerankme,286,0.8312000036239624,0.8435999751091003,0
simclr-tau,linear_probe,rerankme,287,0.8312000036239624,0.8435999751091003,0
simclr-tau,linear_probe,rerankme,289,0.8312000036239624,0.8435999751091003,0
simclr-tau,linear_probe,rerankme,290,0.8312000036239624,0.8435999751091003,0
simclr-tau,linear_probe,rerankme,291,0.8312000036239624,0.8435999751091003,0
simclr-tau,linear_probe,rerankme,292,0.8312000036239624,0.8435999751091003,0
simclr-tau,linear_probe,rerankme,293,0.8312000036239624,0.8435999751091003,0
simclr-tau,linear_probe,rerankme,294,0.8312000036239624,0.8435999751091003,0
simclr-tau,linear_probe,rerankme,296,0.8312000036239624,0.8435999751091003,0
simclr-tau,linear_probe,rerankme,298,0.8312000036239624,0.8435999751091003,0
simclr-tau,linear_probe,rerankme,299,0.8312000036239624,0.8435999751091003,0
simclr-tau,knn_probe,rankme,0,0.7002000212669373,0.8073999881744385,
simclr-tau,knn_probe,rankme,1,0.7002000212669373,0.8073999881744385,
simclr-tau,knn_probe,rankme,2,0.7271000146865845,0.8073999881744385,
simclr-tau,knn_probe,rankme,3,0.7002000212669373,0.8073999881744385,
simclr-tau,knn_probe,rankme,4,0.7002000212669373,0.8073999881744385,
simclr-tau,knn_probe,rankme,6,0.7002000212669373,0.8073999881744385,
simclr-tau,knn_probe,rankme,7,0.7002000212669373,0.8073999881744385,
simclr-tau,knn_probe,rankme,8,0.7002000212669373,0.8073999881744385,
simclr-tau,knn_probe,rankme,9,0.7002000212669373,0.8073999881744385,
simclr-tau,knn_probe,rankme,10,0.7002000212669373,0.8073999881744385,
simclr-tau,knn_probe,rankme,11,0.7002000212669373,0.8073999881744385,
simclr-tau,knn_probe,rankme,12,0.7002000212669373,0.8073999881744385,
simclr-tau,knn_probe,rankme,13,0.7002000212669373,0.8073999881744385,
simclr-tau,knn_probe,rankme,14,0.7002000212669373,0.8073999881744385,
simclr-tau,knn_probe,rankme,15,0.7002000212669373,0.8073999881744385,
simclr-tau,knn_probe,rankme,19,0.7002000212669373,0.8073999881744385,
simclr-tau,knn_probe,rankme,20,0.7002000212669373,0.8073999881744385,
simclr-tau,knn_probe,rankme,21,0.7002000212669373,0.8073999881744385,
simclr-tau,knn_probe,rankme,22,0.7002000212669373,0.8073999881744385,
simclr-tau,knn_probe,rankme,25,0.7002000212669373,0.8073999881744385,
simclr-tau,knn_probe,rankme,26,0.7002000212669373,0.8073999881744385,
simclr-tau,knn_probe,rankme,27,0.7002000212669373,0.8073999881744385,
simclr-tau,knn_probe,rankme,28,0.7002000212669373,0.8073999881744385,
simclr-tau,knn_probe,rankme,29,0.7002000212669373,0.8073999881744385,
simclr-tau,knn_probe,rankme,30,0.7002000212669373,0.8073999881744385,
simclr-tau,knn_probe,rankme,33,0.7002000212669373,0.8073999881744385,
simclr-tau,knn_probe,rankme,35,0.7002000212669373,0.8073999881744385,
simclr-tau,knn_probe,rankme,36,0.7002000212669373,0.8073999881744385,
simclr-tau,knn_probe,rankme,39,0.7002000212669373,0.8073999881744385,
simclr-tau,knn_probe,rankme,40,0.7002000212669373,0.8073999881744385,
simclr-tau,knn_probe,rankme,41,0.7002000212669373,0.8073999881744385,
simclr-tau,knn_probe,rankme,42,0.7002000212669373,0.8073999881744385,
simclr-tau,knn_probe,rankme,43,0.7002000212669373,0.8073999881744385,
simclr-tau,knn_probe,rankme,44,0.7002000212669373,0.8073999881744385,
simclr-tau,knn_probe,rankme,45,0.7002000212669373,0.8073999881744385,
simclr-tau,knn_probe,rankme,46,0.7002000212669373,0.8073999881744385,
simclr-tau,knn_probe,rankme,47,0.7002000212669373,0.8073999881744385,
simclr-tau,knn_probe,rankme,49,0.7002000212669373,0.8073999881744385,
simclr-tau,knn_probe,rankme,51,0.7002000212669373,0.8073999881744385,
simclr-tau,knn_probe,rankme,54,0.7002000212669373,0.8073999881744385,
simclr-tau,knn_probe,rankme,56,0.7002000212669373,0.8073999881744385,
simclr-tau,knn_probe,rankme,57,0.7002000212669373,0.8073999881744385,
simclr-tau,knn_probe,rankme,60,0.7002000212669373,0.8073999881744385,
simclr-tau,knn_probe,rankme,61,0.7002000212669373,0.8073999881744385,
simclr-tau,knn_probe,rankme,62,0.7002000212669373,0.8073999881744385,
simclr-tau,knn_probe,rankme,68,0.7002000212669373,0.8073999881744385,
simclr-tau,knn_probe,rankme,69,0.7002000212669373,0.8073999881744385,
simclr-tau,knn_probe,rankme,71,0.7002000212669373,0.8073999881744385,
simclr-tau,knn_probe,rankme,73,0.7002000212669373,0.8073999881744385,
simclr-tau,knn_probe,rankme,74,0.7002000212669373,0.8073999881744385,
simclr-tau,knn_probe,rankme,76,0.7002000212669373,0.8073999881744385,
simclr-tau,knn_probe,rankme,78,0.7002000212669373,0.8073999881744385,
simclr-tau,knn_probe,rankme,79,0.7002000212669373,0.8073999881744385,
simclr-tau,knn_probe,rankme,82,0.7002000212669373,0.8073999881744385,
simclr-tau,knn_probe,rankme,83,0.7002000212669373,0.8073999881744385,
simclr-tau,knn_probe,rankme,84,0.7002000212669373,0.8073999881744385,
simclr-tau,knn_probe,rankme,85,0.7002000212669373,0.8073999881744385,
simclr-tau,knn_probe,rankme,87,0.7002000212669373,0.8073999881744385,
simclr-tau,knn_probe,rankme,88,0.7002000212669373,0.8073999881744385,
simclr-tau,knn_probe,rankme,89,0.7002000212669373,0.8073999881744385,
simclr-tau,knn_probe,rankme,90,0.7002000212669373,0.8073999881744385,
simclr-tau,knn_probe,rankme,91,0.7002000212669373,0.8073999881744385,
simclr-tau,knn_probe,rankme,92,0.7002000212669373,0.8073999881744385,
simclr-tau,knn_probe,rankme,95,0.7002000212669373,0.8073999881744385,
simclr-tau,knn_probe,rankme,97,0.7002000212669373,0.8073999881744385,
simclr-tau,knn_probe,rankme,99,0.7002000212669373,0.8073999881744385,
simclr-tau,knn_probe,rankme,101,0.7002000212669373,0.8073999881744385,
simclr-tau,knn_probe,rankme,103,0.7002000212669373,0.8073999881744385,
simclr-tau,knn_probe,rankme,104,0.7002000212669373,0.8073999881744385,
simclr-tau,knn_probe,rankme,107,0.7002000212669373,0.8073999881744385,
simclr-tau,knn_probe,rankme,108,0.7002000212669373,0.8073999881744385,
simclr-tau,knn_probe,rankme,110,0.7002000212669373,0.8073999881744385,
simclr-tau,knn_probe,rankme,111,0.7002000212669373,0.8073999881744385,
simclr-tau,knn_probe,rankme,112,0.7002000212669373,0.8073999881744385,
simclr-tau,knn_probe,rankme,113,0.7002000212669373,0.8073999881744385,
simclr-tau,knn_probe,rankme,114,0.7002000212669373,0.8073999881744385,
simclr-tau,knn_probe,rankme,115,0.7002000212669373,0.8073999881744385,
simclr-tau,knn_probe,rankme,116,0.7002000212669373,0.8073999881744385,
simclr-tau,knn_probe,rankme,117,0.7002000212669373,0.8073999881744385,
simclr-tau,knn_probe,rankme,118,0.7002000212669373,0.8073999881744385,
simclr-tau,knn_probe,rankme,120,0.7002000212669373,0.8073999881744385,
simclr-tau,knn_probe,rankme,121,0.7002000212669373,0.8073999881744385,
simclr-tau,knn_probe,rankme,122,0.7002000212669373,0.8073999881744385,
simclr-tau,knn_probe,rankme,124,0.7002000212669373,0.8073999881744385,
simclr-tau,knn_probe,rankme,125,0.7002000212669373,0.8073999881744385,
simclr-tau,knn_probe,rankme,126,0.7002000212669373,0.8073999881744385,
simclr-tau,knn_probe,rankme,127,0.7002000212669373,0.8073999881744385,
simclr-tau,knn_probe,rankme,128,0.7002000212669373,0.8073999881744385,
simclr-tau,knn_probe,rankme,130,0.7002000212669373,0.8073999881744385,
simclr-tau,knn_probe,rankme,131,0.7002000212669373,0.8073999881744385,
simclr-tau,knn_probe,rankme,133,0.7002000212669373,0.8073999881744385,
simclr-tau,knn_probe,rankme,135,0.7002000212669373,0.8073999881744385,
simclr-tau,knn_probe,rankme,136,0.7002000212669373,0.8073999881744385,
simclr-tau,knn_probe,rankme,137,0.7002000212669373,0.8073999881744385,
simclr-tau,knn_probe,rankme,138,0.7002000212669373,0.8073999881744385,
simclr-tau,knn_probe,rankme,139,0.7002000212669373,0.8073999881744385,
simclr-tau,knn_probe,rankme,140,0.7002000212669373,0.8073999881744385,
simclr-tau,knn_probe,rankme,143,0.7002000212669373,0.8073999881744385,
simclr-tau,knn_probe,rankme,145,0.7002000212669373,0.8073999881744385,
simclr-tau,knn_probe,rankme,147,0.7002000212669373,0.8073999881744385,
simclr-tau,knn_probe,rankme,148,0.7002000212669373,0.8073999881744385,
simclr-tau,knn_probe,rankme,149,0.7002000212669373,0.8073999881744385,
simclr-tau,knn_probe,rankme,150,0.7002000212669373,0.8073999881744385,
simclr-tau,knn_probe,rankme,151,0.7002000212669373,0.8073999881744385,
simclr-tau,knn_probe,rankme,154,0.7002000212669373,0.8073999881744385,
simclr-tau,knn_probe,rankme,156,0.7002000212669373,0.8073999881744385,
simclr-tau,knn_probe,rankme,159,0.7002000212669373,0.8073999881744385,
simclr-tau,knn_probe,rankme,160,0.7002000212669373,0.8073999881744385,
simclr-tau,knn_probe,rankme,161,0.7002000212669373,0.8073999881744385,
simclr-tau,knn_probe,rankme,162,0.7002000212669373,0.8073999881744385,
simclr-tau,knn_probe,rankme,164,0.7002000212669373,0.8073999881744385,
simclr-tau,knn_probe,rankme,165,0.7002000212669373,0.8073999881744385,
simclr-tau,knn_probe,rankme,167,0.7002000212669373,0.8073999881744385,
simclr-tau,knn_probe,rankme,172,0.7002000212669373,0.8073999881744385,
simclr-tau,knn_probe,rankme,173,0.7002000212669373,0.8073999881744385,
simclr-tau,knn_probe,rankme,175,0.7002000212669373,0.8073999881744385,
simclr-tau,knn_probe,rankme,176,0.7002000212669373,0.8073999881744385,
simclr-tau,knn_probe,rankme,177,0.7002000212669373,0.8073999881744385,
simclr-tau,knn_probe,rankme,178,0.7002000212669373,0.8073999881744385,
simclr-tau,knn_probe,rankme,179,0.7002000212669373,0.8073999881744385,
simclr-tau,knn_probe,rankme,182,0.7002000212669373,0.8073999881744385,
simclr-tau,knn_probe,rankme,183,0.7002000212669373,0.8073999881744385,
simclr-tau,knn_probe,rankme,184,0.7002000212669373,0.8073999881744385,
simclr-tau,knn_probe,rankme,187,0.7002000212669373,0.8073999881744385,
simclr-tau,knn_probe,rankme,189,0.7002000212669373,0.8073999881744385,
simclr-tau,knn_probe,rankme,190,0.7002000212669373,0.8073999881744385,
simclr-tau,knn_probe,rankme,191,0.7002000212669373,0.8073999881744385,
simclr-tau,knn_probe,rankme,192,0.7002000212669373,0.8073999881744385,
simclr-tau,knn_probe,rankme,193,0.7002000212669373,0.8073999881744385,
simclr-tau,knn_probe,rankme,195,0.7002000212669373,0.8073999881744385,
simclr-tau,knn_probe,rankme,197,0.7002000212669373,0.8073999881744385,
simclr-tau,knn_probe,rankme,198,0.7002000212669373,0.8073999881744385,
simclr-tau,knn_probe,rankme,199,0.7002000212669373,0.8073999881744385,
simclr-tau,knn_probe,rankme,201,0.7002000212669373,0.8073999881744385,
simclr-tau,knn_probe,rankme,202,0.7002000212669373,0.8073999881744385,
simclr-tau,knn_probe,rankme,203,0.7002000212669373,0.8073999881744385,
simclr-tau,knn_probe,rankme,204,0.7002000212669373,0.8073999881744385,
simclr-tau,knn_probe,rankme,205,0.7002000212669373,0.8073999881744385,
simclr-tau,knn_probe,rankme,206,0.7002000212669373,0.8073999881744385,
simclr-tau,knn_probe,rankme,208,0.7002000212669373,0.8073999881744385,
simclr-tau,knn_probe,rankme,209,0.7002000212669373,0.8073999881744385,
simclr-tau,knn_probe,rankme,210,0.7002000212669373,0.8073999881744385,
simclr-tau,knn_probe,rankme,211,0.7002000212669373,0.8073999881744385,
simclr-tau,knn_probe,rankme,212,0.7002000212669373,0.8073999881744385,
simclr-tau,knn_probe,rankme,215,0.7002000212669373,0.8073999881744385,
simclr-tau,knn_probe,rankme,217,0.7002000212669373,0.8073999881744385,
simclr-tau,knn_probe,rankme,218,0.7002000212669373,0.8073999881744385,
simclr-tau,knn_probe,rankme,219,0.7002000212669373,0.8073999881744385,
simclr-tau,knn_probe,rankme,221,0.7002000212669373,0.8073999881744385,
simclr-tau,knn_probe,rankme,223,0.7002000212669373,0.8073999881744385,
simclr-tau,knn_probe,rankme,224,0.7002000212669373,0.8073999881744385,
simclr-tau,knn_probe,rankme,226,0.7002000212669373,0.8073999881744385,
simclr-tau,knn_probe,rankme,228,0.7002000212669373,0.8073999881744385,
simclr-tau,knn_probe,rankme,229,0.7002000212669373,0.8073999881744385,
simclr-tau,knn_probe,rankme,230,0.7002000212669373,0.8073999881744385,
simclr-tau,knn_probe,rankme,231,0.7002000212669373,0.8073999881744385,
simclr-tau,knn_probe,rankme,233,0.7002000212669373,0.8073999881744385,
simclr-tau,knn_probe,rankme,234,0.7002000212669373,0.8073999881744385,
simclr-tau,knn_probe,rankme,235,0.7002000212669373,0.8073999881744385,
simclr-tau,knn_probe,rankme,236,0.7002000212669373,0.8073999881744385,
simclr-tau,knn_probe,rankme,239,0.7002000212669373,0.8073999881744385,
simclr-tau,knn_probe,rankme,240,0.7002000212669373,0.8073999881744385,
simclr-tau,knn_probe,rankme,241,0.7002000212669373,0.8073999881744385,
simclr-tau,knn_probe,rankme,242,0.7002000212669373,0.8073999881744385,
simclr-tau,knn_probe,rankme,244,0.7002000212669373,0.8073999881744385,
simclr-tau,knn_probe,rankme,245,0.7002000212669373,0.8073999881744385,
simclr-tau,knn_probe,rankme,246,0.7002000212669373,0.8073999881744385,
simclr-tau,knn_probe,rankme,247,0.7002000212669373,0.8073999881744385,
simclr-tau,knn_probe,rankme,249,0.7002000212669373,0.8073999881744385,
simclr-tau,knn_probe,rankme,250,0.7002000212669373,0.8073999881744385,
simclr-tau,knn_probe,rankme,251,0.7002000212669373,0.8073999881744385,
simclr-tau,knn_probe,rankme,252,0.7002000212669373,0.8073999881744385,
simclr-tau,knn_probe,rankme,253,0.7002000212669373,0.8073999881744385,
simclr-tau,knn_probe,rankme,255,0.7002000212669373,0.8073999881744385,
simclr-tau,knn_probe,rankme,260,0.7002000212669373,0.8073999881744385,
simclr-tau,knn_probe,rankme,261,0.7002000212669373,0.8073999881744385,
simclr-tau,knn_probe,rankme,263,0.7002000212669373,0.8073999881744385,
simclr-tau,knn_probe,rankme,264,0.7002000212669373,0.8073999881744385,
simclr-tau,knn_probe,rankme,265,0.7002000212669373,0.8073999881744385,
simclr-tau,knn_probe,rankme,267,0.7002000212669373,0.8073999881744385,
simclr-tau,knn_probe,rankme,268,0.7002000212669373,0.8073999881744385,
simclr-tau,knn_probe,rankme,269,0.7002000212669373,0.8073999881744385,
simclr-tau,knn_probe,rankme,270,0.7002000212669373,0.8073999881744385,
simclr-tau,knn_probe,rankme,271,0.7002000212669373,0.8073999881744385,
simclr-tau,knn_probe,rankme,274,0.7002000212669373,0.8073999881744385,
simclr-tau,knn_probe,rankme,275,0.7002000212669373,0.8073999881744385,
simclr-tau,knn_probe,rankme,277,0.7002000212669373,0.8073999881744385,
simclr-tau,knn_probe,rankme,278,0.7002000212669373,0.8073999881744385,
simclr-tau,knn_probe,rankme,280,0.7002000212669373,0.8073999881744385,
simclr-tau,knn_probe,rankme,282,0.7002000212669373,0.8073999881744385,
simclr-tau,knn_probe,rankme,283,0.7002000212669373,0.8073999881744385,
simclr-tau,knn_probe,rankme,284,0.7002000212669373,0.8073999881744385,
simclr-tau,knn_probe,rankme,286,0.7002000212669373,0.8073999881744385,
simclr-tau,knn_probe,rankme,287,0.7002000212669373,0.8073999881744385,
simclr-tau,knn_probe,rankme,289,0.7002000212669373,0.8073999881744385,
simclr-tau,knn_probe,rankme,290,0.7002000212669373,0.8073999881744385,
simclr-tau,knn_probe,rankme,291,0.7002000212669373,0.8073999881744385,
simclr-tau,knn_probe,rankme,292,0.7002000212669373,0.8073999881744385,
simclr-tau,knn_probe,rankme,293,0.7002000212669373,0.8073999881744385,
simclr-tau,knn_probe,rankme,294,0.7002000212669373,0.8073999881744385,
simclr-tau,knn_probe,rankme,296,0.7002000212669373,0.8073999881744385,
simclr-tau,knn_probe,rankme,298,0.7002000212669373,0.8073999881744385,
simclr-tau,knn_probe,rankme,299,0.7002000212669373,0.8073999881744385,
simclr-tau,knn_probe,rerankme,0,0.8009999990463257,0.8073999881744385,
simclr-tau,knn_probe,rerankme,1,0.8004000186920166,0.8073999881744385,
simclr-tau,knn_probe,rerankme,2,0.8004000186920166,0.8073999881744385,
simclr-tau,knn_probe,rerankme,3,0.7893999814987183,0.8073999881744385,
simclr-tau,knn_probe,rerankme,4,0.7893999814987183,0.8073999881744385,
simclr-tau,knn_probe,rerankme,6,0.7893999814987183,0.8073999881744385,
simclr-tau,knn_probe,rerankme,7,0.7893999814987183,0.8073999881744385,
simclr-tau,knn_probe,rerankme,8,0.7893999814987183,0.8073999881744385,
simclr-tau,knn_probe,rerankme,9,0.7893999814987183,0.8073999881744385,
simclr-tau,knn_probe,rerankme,10,0.7893999814987183,0.8073999881744385,
simclr-tau,knn_probe,rerankme,11,0.7893999814987183,0.8073999881744385,
simclr-tau,knn_probe,rerankme,12,0.7893999814987183,0.8073999881744385,
simclr-tau,knn_probe,rerankme,13,0.7893999814987183,0.8073999881744385,
simclr-tau,knn_probe,rerankme,14,0.7893999814987183,0.8073999881744385,
simclr-tau,knn_probe,rerankme,15,0.7893999814987183,0.8073999881744385,
simclr-tau,knn_probe,rerankme,19,0.7893999814987183,0.8073999881744385,
simclr-tau,knn_probe,rerankme,20,0.7893999814987183,0.8073999881744385,
simclr-tau,knn_probe,rerankme,21,0.7893999814987183,0.8073999881744385,
simclr-tau,knn_probe,rerankme,22,0.7893999814987183,0.8073999881744385,
simclr-tau,knn_probe,rerankme,25,0.7893999814987183,0.8073999881744385,
simclr-tau,knn_probe,rerankme,26,0.7893999814987183,0.8073999881744385,
simclr-tau,knn_probe,rerankme,27,0.7893999814987183,0.8073999881744385,
simclr-tau,knn_probe,rerankme,28,0.7893999814987183,0.8073999881744385,
simclr-tau,knn_probe,rerankme,29,0.7893999814987183,0.8073999881744385,
simclr-tau,knn_probe,rerankme,30,0.7893999814987183,0.8073999881744385,
simclr-tau,knn_probe,rerankme,33,0.7893999814987183,0.8073999881744385,
simclr-tau,knn_probe,rerankme,35,0.7893999814987183,0.8073999881744385,
simclr-tau,knn_probe,rerankme,36,0.7893999814987183,0.8073999881744385,
simclr-tau,knn_probe,rerankme,39,0.7893999814987183,0.8073999881744385,
simclr-tau,knn_probe,rerankme,40,0.7893999814987183,0.8073999881744385,
simclr-tau,knn_probe,rerankme,41,0.7893999814987183,0.8073999881744385,
simclr-tau,knn_probe,rerankme,42,0.7893999814987183,0.8073999881744385,
simclr-tau,knn_probe,rerankme,43,0.7893999814987183,0.8073999881744385,
simclr-tau,knn_probe,rerankme,44,0.7893999814987183,0.8073999881744385,
simclr-tau,knn_probe,rerankme,45,0.7893999814987183,0.8073999881744385,
simclr-tau,knn_probe,rerankme,46,0.7893999814987183,0.8073999881744385,
simclr-tau,knn_probe,rerankme,47,0.7893999814987183,0.8073999881744385,
simclr-tau,knn_probe,rerankme,49,0.7893999814987183,0.8073999881744385,
simclr-tau,knn_probe,rerankme,51,0.7893999814987183,0.8073999881744385,
simclr-tau,knn_probe,rerankme,54,0.7893999814987183,0.8073999881744385,
simclr-tau,knn_probe,rerankme,56,0.7893999814987183,0.8073999881744385,
simclr-tau,knn_probe,rerankme,57,0.7893999814987183,0.8073999881744385,
simclr-tau,knn_probe,rerankme,60,0.7893999814987183,0.8073999881744385,
simclr-tau,knn_probe,rerankme,61,0.7893999814987183,0.8073999881744385,
simclr-tau,knn_probe,rerankme,62,0.7893999814987183,0.8073999881744385,
simclr-tau,knn_probe,rerankme,68,0.7893999814987183,0.8073999881744385,
simclr-tau,knn_probe,rerankme,69,0.7893999814987183,0.8073999881744385,
simclr-tau,knn_probe,rerankme,71,0.7893999814987183,0.8073999881744385,
simclr-tau,knn_probe,rerankme,73,0.7893999814987183,0.8073999881744385,
simclr-tau,knn_probe,rerankme,74,0.7893999814987183,0.8073999881744385,
simclr-tau,knn_probe,rerankme,76,0.7893999814987183,0.8073999881744385,
simclr-tau,knn_probe,rerankme,78,0.7893999814987183,0.8073999881744385,
simclr-tau,knn_probe,rerankme,79,0.7893999814987183,0.8073999881744385,
simclr-tau,knn_probe,rerankme,82,0.7893999814987183,0.8073999881744385,
simclr-tau,knn_probe,rerankme,83,0.7893999814987183,0.8073999881744385,
simclr-tau,knn_probe,rerankme,84,0.7893999814987183,0.8073999881744385,
simclr-tau,knn_probe,rerankme,85,0.7893999814987183,0.8073999881744385,
simclr-tau,knn_probe,rerankme,87,0.7893999814987183,0.8073999881744385,
simclr-tau,knn_probe,rerankme,88,0.7893999814987183,0.8073999881744385,
simclr-tau,knn_probe,rerankme,89,0.7893999814987183,0.8073999881744385,
simclr-tau,knn_probe,rerankme,90,0.7893999814987183,0.8073999881744385,
simclr-tau,knn_probe,rerankme,91,0.7893999814987183,0.8073999881744385,
simclr-tau,knn_probe,rerankme,92,0.7893999814987183,0.8073999881744385,
simclr-tau,knn_probe,rerankme,95,0.7893999814987183,0.8073999881744385,
simclr-tau,knn_probe,rerankme,97,0.7893999814987183,0.8073999881744385,
simclr-tau,knn_probe,rerankme,99,0.7893999814987183,0.8073999881744385,
simclr-tau,knn_probe,rerankme,101,0.7893999814987183,0.8073999881744385,
simclr-tau,knn_probe,rerankme,103,0.7893999814987183,0.8073999881744385,
simclr-tau,knn_probe,rerankme,104,0.7893999814987183,0.8073999881744385,
simclr-tau,knn_probe,rerankme,107,0.7893999814987183,0.8073999881744385,
simclr-tau,knn_probe,rerankme,108,0.7893999814987183,0.8073999881744385,
simclr-tau,knn_probe,rerankme,110,0.7893999814987183,0.8073999881744385,
simclr-tau,knn_probe,rerankme,111,0.7893999814987183,0.8073999881744385,
simclr-tau,knn_probe,rerankme,112,0.7893999814987183,0.8073999881744385,
simclr-tau,knn_probe,rerankme,113,0.7893999814987183,0.8073999881744385,
simclr-tau,knn_probe,rerankme,114,0.7893999814987183,0.8073999881744385,
simclr-tau,knn_probe,rerankme,115,0.7893999814987183,0.8073999881744385,
simclr-tau,knn_probe,rerankme,116,0.7893999814987183,0.8073999881744385,
simclr-tau,knn_probe,rerankme,117,0.7893999814987183,0.8073999881744385,
simclr-tau,knn_probe,rerankme,118,0.7893999814987183,0.8073999881744385,
simclr-tau,knn_probe,rerankme,120,0.7893999814987183,0.8073999881744385,
simclr-tau,knn_probe,rerankme,121,0.7893999814987183,0.8073999881744385,
simclr-tau,knn_probe,rerankme,122,0.7893999814987183,0.8073999881744385,
simclr-tau,knn_probe,rerankme,124,0.7893999814987183,0.8073999881744385,
simclr-tau,knn_probe,rerankme,125,0.7893999814987183,0.8073999881744385,
simclr-tau,knn_probe,rerankme,126,0.7893999814987183,0.8073999881744385,
simclr-tau,knn_probe,rerankme,127,0.7893999814987183,0.8073999881744385,
simclr-tau,knn_probe,rerankme,128,0.7893999814987183,0.8073999881744385,
simclr-tau,knn_probe,rerankme,130,0.7893999814987183,0.8073999881744385,
simclr-tau,knn_probe,rerankme,131,0.7893999814987183,0.8073999881744385,
simclr-tau,knn_probe,rerankme,133,0.7893999814987183,0.8073999881744385,
simclr-tau,knn_probe,rerankme,135,0.7893999814987183,0.8073999881744385,
simclr-tau,knn_probe,rerankme,136,0.7893999814987183,0.8073999881744385,
simclr-tau,knn_probe,rerankme,137,0.7893999814987183,0.8073999881744385,
simclr-tau,knn_probe,rerankme,138,0.7893999814987183,0.8073999881744385,
simclr-tau,knn_probe,rerankme,139,0.7893999814987183,0.8073999881744385,
simclr-tau,knn_probe,rerankme,140,0.7893999814987183,0.8073999881744385,
simclr-tau,knn_probe,rerankme,143,0.7893999814987183,0.8073999881744385,
simclr-tau,knn_probe,rerankme,145,0.7893999814987183,0.8073999881744385,
simclr-tau,knn_probe,rerankme,147,0.7893999814987183,0.8073999881744385,
simclr-tau,knn_probe,rerankme,148,0.7893999814987183,0.8073999881744385,
simclr-tau,knn_probe,rerankme,149,0.7893999814987183,0.8073999881744385,
simclr-tau,knn_probe,rerankme,150,0.7893999814987183,0.8073999881744385,
simclr-tau,knn_probe,rerankme,151,0.7893999814987183,0.8073999881744385,
simclr-tau,knn_probe,rerankme,154,0.7893999814987183,0.8073999881744385,
simclr-tau,knn_probe,rerankme,156,0.7893999814987183,0.8073999881744385,
simclr-tau,knn_probe,rerankme,159,0.7893999814987183,0.8073999881744385,
simclr-tau,knn_probe,rerankme,160,0.7893999814987183,0.8073999881744385,
simclr-tau,knn_probe,rerankme,161,0.7893999814987183,0.8073999881744385,
simclr-tau,knn_probe,rerankme,162,0.7893999814987183,0.8073999881744385,
simclr-tau,knn_probe,rerankme,164,0.7893999814987183,0.8073999881744385,
simclr-tau,knn_probe,rerankme,165,0.7893999814987183,0.8073999881744385,
simclr-tau,knn_probe,rerankme,167,0.7893999814987183,0.8073999881744385,
simclr-tau,knn_probe,rerankme,172,0.7893999814987183,0.8073999881744385,
simclr-tau,knn_probe,rerankme,173,0.7893999814987183,0.8073999881744385,
simclr-tau,knn_probe,rerankme,175,0.7893999814987183,0.8073999881744385,
simclr-tau,knn_probe,rerankme,176,0.7893999814987183,0.8073999881744385,
simclr-tau,knn_probe,rerankme,177,0.7893999814987183,0.8073999881744385,
simclr-tau,knn_probe,rerankme,178,0.7893999814987183,0.8073999881744385,
simclr-tau,knn_probe,rerankme,179,0.7893999814987183,0.8073999881744385,
simclr-tau,knn_probe,rerankme,182,0.7893999814987183,0.8073999881744385,
simclr-tau,knn_probe,rerankme,183,0.7893999814987183,0.8073999881744385,
simclr-tau,knn_probe,rerankme,184,0.7893999814987183,0.8073999881744385,
simclr-tau,knn_probe,rerankme,187,0.7893999814987183,0.8073999881744385,
simclr-tau,knn_probe,rerankme,189,0.7893999814987183,0.8073999881744385,
simclr-tau,knn_probe,rerankme,190,0.7893999814987183,0.8073999881744385,
simclr-tau,knn_probe,rerankme,191,0.7893999814987183,0.8073999881744385,
simclr-tau,knn_probe,rerankme,192,0.7893999814987183,0.8073999881744385,
simclr-tau,knn_probe,rerankme,193,0.7893999814987183,0.8073999881744385,
simclr-tau,knn_probe,rerankme,195,0.7893999814987183,0.8073999881744385,
simclr-tau,knn_probe,rerankme,197,0.7893999814987183,0.8073999881744385,
simclr-tau,knn_probe,rerankme,198,0.7893999814987183,0.8073999881744385,
simclr-tau,knn_probe,rerankme,199,0.7893999814987183,0.8073999881744385,
simclr-tau,knn_probe,rerankme,201,0.7893999814987183,0.8073999881744385,
simclr-tau,knn_probe,rerankme,202,0.7893999814987183,0.8073999881744385,
simclr-tau,knn_probe,rerankme,203,0.7893999814987183,0.8073999881744385,
simclr-tau,knn_probe,rerankme,204,0.7893999814987183,0.8073999881744385,
simclr-tau,knn_probe,rerankme,205,0.7893999814987183,0.8073999881744385,
simclr-tau,knn_probe,rerankme,206,0.7893999814987183,0.8073999881744385,
simclr-tau,knn_probe,rerankme,208,0.7893999814987183,0.8073999881744385,
simclr-tau,knn_probe,rerankme,209,0.7893999814987183,0.8073999881744385,
simclr-tau,knn_probe,rerankme,210,0.7893999814987183,0.8073999881744385,
simclr-tau,knn_probe,rerankme,211,0.7893999814987183,0.8073999881744385,
simclr-tau,knn_probe,rerankme,212,0.7893999814987183,0.8073999881744385,
simclr-tau,knn_probe,rerankme,215,0.7893999814987183,0.8073999881744385,
simclr-tau,knn_probe,rerankme,217,0.7893999814987183,0.8073999881744385,
simclr-tau,knn_probe,rerankme,218,0.7893999814987183,0.8073999881744385,
simclr-tau,knn_probe,rerankme,219,0.7893999814987183,0.8073999881744385,
simclr-tau,knn_probe,rerankme,221,0.7893999814987183,0.8073999881744385,
simclr-tau,knn_probe,rerankme,223,0.7893999814987183,0.8073999881744385,
simclr-tau,knn_probe,rerankme,224,0.7893999814987183,0.8073999881744385,
simclr-tau,knn_probe,rerankme,226,0.7893999814987183,0.8073999881744385,
simclr-tau,knn_probe,rerankme,228,0.7893999814987183,0.8073999881744385,
simclr-tau,knn_probe,rerankme,229,0.7893999814987183,0.8073999881744385,
simclr-tau,knn_probe,rerankme,230,0.7893999814987183,0.8073999881744385,
simclr-tau,knn_probe,rerankme,231,0.7893999814987183,0.8073999881744385,
simclr-tau,knn_probe,rerankme,233,0.7893999814987183,0.8073999881744385,
simclr-tau,knn_probe,rerankme,234,0.7893999814987183,0.8073999881744385,
simclr-tau,knn_probe,rerankme,235,0.7893999814987183,0.8073999881744385,
simclr-tau,knn_probe,rerankme,236,0.7893999814987183,0.8073999881744385,
simclr-tau,knn_probe,rerankme,239,0.7893999814987183,0.8073999881744385,
simclr-tau,knn_probe,rerankme,240,0.7893999814987183,0.8073999881744385,
simclr-tau,knn_probe,rerankme,241,0.7893999814987183,0.8073999881744385,
simclr-tau,knn_probe,rerankme,242,0.7893999814987183,0.8073999881744385,
simclr-tau,knn_probe,rerankme,244,0.7893999814987183,0.8073999881744385,
simclr-tau,knn_probe,rerankme,245,0.7893999814987183,0.8073999881744385,
simclr-tau,knn_probe,rerankme,246,0.7893999814987183,0.8073999881744385,
simclr-tau,knn_probe,rerankme,247,0.7893999814987183,0.8073999881744385,
simclr-tau,knn_probe,rerankme,249,0.7893999814987183,0.8073999881744385,
simclr-tau,knn_probe,rerankme,250,0.7893999814987183,0.8073999881744385,
simclr-tau,knn_probe,rerankme,251,0.7893999814987183,0.8073999881744385,
simclr-tau,knn_probe,rerankme,252,0.7893999814987183,0.8073999881744385,
simclr-tau,knn_probe,rerankme,253,0.7893999814987183,0.8073999881744385,
simclr-tau,knn_probe,rerankme,255,0.7893999814987183,0.8073999881744385,
simclr-tau,knn_probe,rerankme,260,0.7893999814987183,0.8073999881744385,
simclr-tau,knn_probe,rerankme,261,0.7893999814987183,0.8073999881744385,
simclr-tau,knn_probe,rerankme,263,0.7893999814987183,0.8073999881744385,
simclr-tau,knn_probe,rerankme,264,0.7893999814987183,0.8073999881744385,
simclr-tau,knn_probe,rerankme,265,0.7893999814987183,0.8073999881744385,
simclr-tau,knn_probe,rerankme,267,0.7893999814987183,0.8073999881744385,
simclr-tau,knn_probe,rerankme,268,0.7893999814987183,0.8073999881744385,
simclr-tau,knn_probe,rerankme,269,0.7893999814987183,0.8073999881744385,
simclr-tau,knn_probe,rerankme,270,0.7893999814987183,0.8073999881744385,
simclr-tau,knn_probe,rerankme,271,0.7893999814987183,0.8073999881744385,
simclr-tau,knn_probe,rerankme,274,0.7893999814987183,0.8073999881744385,
simclr-tau,knn_probe,rerankme,275,0.7893999814987183,0.8073999881744385,
simclr-tau,knn_probe,rerankme,277,0.7893999814987183,0.8073999881744385,
simclr-tau,knn_probe,rerankme,278,0.7893999814987183,0.8073999881744385,
simclr-tau,knn_probe,rerankme,280,0.7893999814987183,0.8073999881744385,
simclr-tau,knn_probe,rerankme,282,0.7893999814987183,0.8073999881744385,
simclr-tau,knn_probe,rerankme,283,0.7893999814987183,0.8073999881744385,
simclr-tau,knn_probe,rerankme,284,0.7893999814987183,0.8073999881744385,
simclr-tau,knn_probe,rerankme,286,0.7893999814987183,0.8073999881744385,
simclr-tau,knn_probe,rerankme,287,0.7893999814987183,0.8073999881744385,
simclr-tau,knn_probe,rerankme,289,0.7893999814987183,0.8073999881744385,
simclr-tau,knn_probe,rerankme,290,0.7893999814987183,0.8073999881744385,
simclr-tau,knn_probe,rerankme,291,0.7893999814987183,0.8073999881744385,
simclr-tau,knn_probe,rerankme,292,0.7893999814987183,0.8073999881744385,
simclr-tau,knn_probe,rerankme,293,0.7893999814987183,0.8073999881744385,
simclr-tau,knn_probe,rerankme,294,0.7893999814987183,0.8073999881744385,
simclr-tau,knn_probe,rerankme,296,0.7893999814987183,0.8073999881744385,
simclr-tau,knn_probe,rerankme,298,0.7893999814987183,0.8073999881744385,
simclr-tau,knn_probe,rerankme,299,0.7893999814987183,0.8073999881744385,
simclr-tau,cifar10c,rankme,0,0.633390486240387,0.7014252543449402,
simclr-tau,cifar10c,rankme,1,0.633390486240387,0.7014252543449402,
simclr-tau,cifar10c,rankme,2,0.6368662714958191,0.7014252543449402,
simclr-tau,cifar10c,rankme,3,0.633390486240387,0.7014252543449402,
simclr-tau,cifar10c,rankme,4,0.633390486240387,0.7014252543449402,
simclr-tau,cifar10c,rankme,6,0.633390486240387,0.7014252543449402,
simclr-tau,cifar10c,rankme,7,0.633390486240387,0.7014252543449402,
simclr-tau,cifar10c,rankme,8,0.633390486240387,0.7014252543449402,
simclr-tau,cifar10c,rankme,9,0.633390486240387,0.7014252543449402,
simclr-tau,cifar10c,rankme,10,0.633390486240387,0.7014252543449402,
simclr-tau,cifar10c,rankme,11,0.633390486240387,0.7014252543449402,
simclr-tau,cifar10c,rankme,12,0.633390486240387,0.7014252543449402,
simclr-tau,cifar10c,rankme,13,0.633390486240387,0.7014252543449402,
simclr-tau,cifar10c,rankme,14,0.633390486240387,0.7014252543449402,
simclr-tau,cifar10c,rankme,15,0.633390486240387,0.7014252543449402,
simclr-tau,cifar10c,rankme,19,0.633390486240387,0.7014252543449402,
simclr-tau,cifar10c,rankme,20,0.633390486240387,0.7014252543449402,
simclr-tau,cifar10c,rankme,21,0.633390486240387,0.7014252543449402,
simclr-tau,cifar10c,rankme,22,0.633390486240387,0.7014252543449402,
simclr-tau,cifar10c,rankme,25,0.633390486240387,0.7014252543449402,
simclr-tau,cifar10c,rankme,26,0.633390486240387,0.7014252543449402,
simclr-tau,cifar10c,rankme,27,0.633390486240387,0.7014252543449402,
simclr-tau,cifar10c,rankme,28,0.633390486240387,0.7014252543449402,
simclr-tau,cifar10c,rankme,29,0.633390486240387,0.7014252543449402,
simclr-tau,cifar10c,rankme,30,0.633390486240387,0.7014252543449402,
simclr-tau,cifar10c,rankme,33,0.633390486240387,0.7014252543449402,
simclr-tau,cifar10c,rankme,35,0.633390486240387,0.7014252543449402,
simclr-tau,cifar10c,rankme,36,0.633390486240387,0.7014252543449402,
simclr-tau,cifar10c,rankme,39,0.633390486240387,0.7014252543449402,
simclr-tau,cifar10c,rankme,40,0.633390486240387,0.7014252543449402,
simclr-tau,cifar10c,rankme,41,0.633390486240387,0.7014252543449402,
simclr-tau,cifar10c,rankme,42,0.633390486240387,0.7014252543449402,
simclr-tau,cifar10c,rankme,43,0.633390486240387,0.7014252543449402,
simclr-tau,cifar10c,rankme,44,0.633390486240387,0.7014252543449402,
simclr-tau,cifar10c,rankme,45,0.633390486240387,0.7014252543449402,
simclr-tau,cifar10c,rankme,46,0.633390486240387,0.7014252543449402,
simclr-tau,cifar10c,rankme,47,0.633390486240387,0.7014252543449402,
simclr-tau,cifar10c,rankme,49,0.633390486240387,0.7014252543449402,
simclr-tau,cifar10c,rankme,51,0.633390486240387,0.7014252543449402,
simclr-tau,cifar10c,rankme,54,0.633390486240387,0.7014252543449402,
simclr-tau,cifar10c,rankme,56,0.633390486240387,0.7014252543449402,
simclr-tau,cifar10c,rankme,57,0.633390486240387,0.7014252543449402,
simclr-tau,cifar10c,rankme,60,0.633390486240387,0.7014252543449402,
simclr-tau,cifar10c,rankme,61,0.633390486240387,0.7014252543449402,
simclr-tau,cifar10c,rankme,62,0.633390486240387,0.7014252543449402,
simclr-tau,cifar10c,rankme,68,0.633390486240387,0.7014252543449402,
simclr-tau,cifar10c,rankme,69,0.633390486240387,0.7014252543449402,
simclr-tau,cifar10c,rankme,71,0.633390486240387,0.7014252543449402,
simclr-tau,cifar10c,rankme,73,0.633390486240387,0.7014252543449402,
simclr-tau,cifar10c,rankme,74,0.633390486240387,0.7014252543449402,
simclr-tau,cifar10c,rankme,76,0.633390486240387,0.7014252543449402,
simclr-tau,cifar10c,rankme,78,0.633390486240387,0.7014252543449402,
simclr-tau,cifar10c,rankme,79,0.633390486240387,0.7014252543449402,
simclr-tau,cifar10c,rankme,82,0.633390486240387,0.7014252543449402,
simclr-tau,cifar10c,rankme,83,0.633390486240387,0.7014252543449402,
simclr-tau,cifar10c,rankme,84,0.633390486240387,0.7014252543449402,
simclr-tau,cifar10c,rankme,85,0.633390486240387,0.7014252543449402,
simclr-tau,cifar10c,rankme,87,0.633390486240387,0.7014252543449402,
simclr-tau,cifar10c,rankme,88,0.633390486240387,0.7014252543449402,
simclr-tau,cifar10c,rankme,89,0.633390486240387,0.7014252543449402,
simclr-tau,cifar10c,rankme,90,0.633390486240387,0.7014252543449402,
simclr-tau,cifar10c,rankme,91,0.633390486240387,0.7014252543449402,
simclr-tau,cifar10c,rankme,92,0.633390486240387,0.7014252543449402,
simclr-tau,cifar10c,rankme,95,0.633390486240387,0.7014252543449402,
simclr-tau,cifar10c,rankme,97,0.633390486240387,0.7014252543449402,
simclr-tau,cifar10c,rankme,99,0.633390486240387,0.7014252543449402,
simclr-tau,cifar10c,rankme,101,0.633390486240387,0.7014252543449402,
simclr-tau,cifar10c,rankme,103,0.633390486240387,0.7014252543449402,
simclr-tau,cifar10c,rankme,104,0.633390486240387,0.7014252543449402,
simclr-tau,cifar10c,rankme,107,0.633390486240387,0.7014252543449402,
simclr-tau,cifar10c,rankme,108,0.633390486240387,0.7014252543449402,
simclr-tau,cifar10c,rankme,110,0.633390486240387,0.7014252543449402,
simclr-tau,cifar10c,rankme,111,0.633390486240387,0.7014252543449402,
simclr-tau,cifar10c,rankme,112,0.633390486240387,0.7014252543449402,
simclr-tau,cifar10c,rankme,113,0.633390486240387,0.7014252543449402,
simclr-tau,cifar10c,rankme,114,0.633390486240387,0.7014252543449402,
simclr-tau,cifar10c,rankme,115,0.633390486240387,0.7014252543449402,
simclr-tau,cifar10c,rankme,116,0.633390486240387,0.7014252543449402,
simclr-tau,cifar10c,rankme,117,0.633390486240387,0.7014252543449402,
simclr-tau,cifar10c,rankme,118,0.633390486240387,0.7014252543449402,
simclr-tau,cifar10c,rankme,120,0.633390486240387,0.7014252543449402,
simclr-tau,cifar10c,rankme,121,0.633390486240387,0.7014252543449402,
simclr-tau,cifar10c,rankme,122,0.633390486240387,0.7014252543449402,
simclr-tau,cifar10c,rankme,124,0.633390486240387,0.7014252543449402,
simclr-tau,cifar10c,rankme,125,0.633390486240387,0.7014252543449402,
simclr-tau,cifar10c,rankme,126,0.633390486240387,0.7014252543449402,
simclr-tau,cifar10c,rankme,127,0.633390486240387,0.7014252543449402,
simclr-tau,cifar10c,rankme,128,0.633390486240387,0.7014252543449402,
simclr-tau,cifar10c,rankme,130,0.633390486240387,0.7014252543449402,
simclr-tau,cifar10c,rankme,131,0.633390486240387,0.7014252543449402,
simclr-tau,cifar10c,rankme,133,0.633390486240387,0.7014252543449402,
simclr-tau,cifar10c,rankme,135,0.633390486240387,0.7014252543449402,
simclr-tau,cifar10c,rankme,136,0.633390486240387,0.7014252543449402,
simclr-tau,cifar10c,rankme,137,0.633390486240387,0.7014252543449402,
simclr-tau,cifar10c,rankme,138,0.633390486240387,0.7014252543449402,
simclr-tau,cifar10c,rankme,139,0.633390486240387,0.7014252543449402,
simclr-tau,cifar10c,rankme,140,0.633390486240387,0.7014252543449402,
simclr-tau,cifar10c,rankme,143,0.633390486240387,0.7014252543449402,
simclr-tau,cifar10c,rankme,145,0.633390486240387,0.7014252543449402,
simclr-tau,cifar10c,rankme,147,0.633390486240387,0.7014252543449402,
simclr-tau,cifar10c,rankme,148,0.633390486240387,0.7014252543449402,
simclr-tau,cifar10c,rankme,149,0.633390486240387,0.7014252543449402,
simclr-tau,cifar10c,rankme,150,0.633390486240387,0.7014252543449402,
simclr-tau,cifar10c,rankme,151,0.633390486240387,0.7014252543449402,
simclr-tau,cifar10c,rankme,154,0.633390486240387,0.7014252543449402,
simclr-tau,cifar10c,rankme,156,0.633390486240387,0.7014252543449402,
simclr-tau,cifar10c,rankme,159,0.633390486240387,0.7014252543449402,
simclr-tau,cifar10c,rankme,160,0.633390486240387,0.7014252543449402,
simclr-tau,cifar10c,rankme,161,0.633390486240387,0.7014252543449402,
simclr-tau,cifar10c,rankme,162,0.633390486240387,0.7014252543449402,
simclr-tau,cifar10c,rankme,164,0.633390486240387,0.7014252543449402,
simclr-tau,cifar10c,rankme,165,0.633390486240387,0.7014252543449402,
simclr-tau,cifar10c,rankme,167,0.633390486240387,0.7014252543449402,
simclr-tau,cifar10c,rankme,172,0.633390486240387,0.7014252543449402,
simclr-tau,cifar10c,rankme,173,0.633390486240387,0.7014252543449402,
simclr-tau,cifar10c,rankme,175,0.633390486240387,0.7014252543449402,
simclr-tau,cifar10c,rankme,176,0.633390486240387,0.7014252543449402,
simclr-tau,cifar10c,rankme,177,0.633390486240387,0.7014252543449402,
simclr-tau,cifar10c,rankme,178,0.633390486240387,0.7014252543449402,
simclr-tau,cifar10c,rankme,179,0.633390486240387,0.7014252543449402,
simclr-tau,cifar10c,rankme,182,0.633390486240387,0.7014252543449402,
simclr-tau,cifar10c,rankme,183,0.633390486240387,0.7014252543449402,
simclr-tau,cifar10c,rankme,184,0.633390486240387,0.7014252543449402,
simclr-tau,cifar10c,rankme,187,0.633390486240387,0.7014252543449402,
simclr-tau,cifar10c,rankme,189,0.633390486240387,0.7014252543449402,
simclr-tau,cifar10c,rankme,190,0.633390486240387,0.7014252543449402,
simclr-tau,cifar10c,rankme,191,0.633390486240387,0.7014252543449402,
simclr-tau,cifar10c,rankme,192,0.633390486240387,0.7014252543449402,
simclr-tau,cifar10c,rankme,193,0.633390486240387,0.7014252543449402,
simclr-tau,cifar10c,rankme,195,0.633390486240387,0.7014252543449402,
simclr-tau,cifar10c,rankme,197,0.633390486240387,0.7014252543449402,
simclr-tau,cifar10c,rankme,198,0.633390486240387,0.7014252543449402,
simclr-tau,cifar10c,rankme,199,0.633390486240387,0.7014252543449402,
simclr-tau,cifar10c,rankme,201,0.633390486240387,0.7014252543449402,
simclr-tau,cifar10c,rankme,202,0.633390486240387,0.7014252543449402,
simclr-tau,cifar10c,rankme,203,0.633390486240387,0.7014252543449402,
simclr-tau,cifar10c,rankme,204,0.633390486240387,0.7014252543449402,
simclr-tau,cifar10c,rankme,205,0.633390486240387,0.7014252543449402,
simclr-tau,cifar10c,rankme,206,0.633390486240387,0.7014252543449402,
simclr-tau,cifar10c,rankme,208,0.633390486240387,0.7014252543449402,
simclr-tau,cifar10c,rankme,209,0.633390486240387,0.7014252543449402,
simclr-tau,cifar10c,rankme,210,0.633390486240387,0.7014252543449402,
simclr-tau,cifar10c,rankme,211,0.633390486240387,0.7014252543449402,
simclr-tau,cifar10c,rankme,212,0.633390486240387,0.7014252543449402,
simclr-tau,cifar10c,rankme,215,0.633390486240387,0.7014252543449402,
simclr-tau,cifar10c,rankme,217,0.633390486240387,0.7014252543449402,
simclr-tau,cifar10c,rankme,218,0.633390486240387,0.7014252543449402,
simclr-tau,cifar10c,rankme,219,0.633390486240387,0.7014252543449402,
simclr-tau,cifar10c,rankme,221,0.633390486240387,0.7014252543449402,
simclr-tau,cifar10c,rankme,223,0.633390486240387,0.7014252543449402,
simclr-tau,cifar10c,rankme,224,0.633390486240387,0.7014252543449402,
simclr-tau,cifar10c,rankme,226,0.633390486240387,0.7014252543449402,
simclr-tau,cifar10c,rankme,228,0.633390486240387,0.7014252543449402,
simclr-tau,cifar10c,rankme,229,0.633390486240387,0.7014252543449402,
simclr-tau,cifar10c,rankme,230,0.633390486240387,0.7014252543449402,
simclr-tau,cifar10c,rankme,231,0.633390486240387,0.7014252543449402,
simclr-tau,cifar10c,rankme,233,0.633390486240387,0.7014252543449402,
simclr-tau,cifar10c,rankme,234,0.633390486240387,0.7014252543449402,
simclr-tau,cifar10c,rankme,235,0.633390486240387,0.7014252543449402,
simclr-tau,cifar10c,rankme,236,0.633390486240387,0.7014252543449402,
simclr-tau,cifar10c,rankme,239,0.633390486240387,0.7014252543449402,
simclr-tau,cifar10c,rankme,240,0.633390486240387,0.7014252543449402,
simclr-tau,cifar10c,rankme,241,0.633390486240387,0.7014252543449402,
simclr-tau,cifar10c,rankme,242,0.633390486240387,0.7014252543449402,
simclr-tau,cifar10c,rankme,244,0.633390486240387,0.7014252543449402,
simclr-tau,cifar10c,rankme,245,0.633390486240387,0.7014252543449402,
simclr-tau,cifar10c,rankme,246,0.633390486240387,0.7014252543449402,
simclr-tau,cifar10c,rankme,247,0.633390486240387,0.7014252543449402,
simclr-tau,cifar10c,rankme,249,0.633390486240387,0.7014252543449402,
simclr-tau,cifar10c,rankme,250,0.633390486240387,0.7014252543449402,
simclr-tau,cifar10c,rankme,251,0.633390486240387,0.7014252543449402,
simclr-tau,cifar10c,rankme,252,0.633390486240387,0.7014252543449402,
simclr-tau,cifar10c,rankme,253,0.633390486240387,0.7014252543449402,
simclr-tau,cifar10c,rankme,255,0.633390486240387,0.7014252543449402,
simclr-tau,cifar10c,rankme,260,0.633390486240387,0.7014252543449402,
simclr-tau,cifar10c,rankme,261,0.633390486240387,0.7014252543449402,
simclr-tau,cifar10c,rankme,263,0.633390486240387,0.7014252543449402,
simclr-tau,cifar10c,rankme,264,0.633390486240387,0.7014252543449402,
simclr-tau,cifar10c,rankme,265,0.633390486240387,0.7014252543449402,
simclr-tau,cifar10c,rankme,267,0.633390486240387,0.7014252543449402,
simclr-tau,cifar10c,rankme,268,0.633390486240387,0.7014252543449402,
simclr-tau,cifar10c,rankme,269,0.633390486240387,0.7014252543449402,
simclr-tau,cifar10c,rankme,270,0.633390486240387,0.7014252543449402,
simclr-tau,cifar10c,rankme,271,0.633390486240387,0.7014252543449402,
simclr-tau,cifar10c,rankme,274,0.633390486240387,0.7014252543449402,
simclr-tau,cifar10c,rankme,275,0.633390486240387,0.7014252543449402,
simclr-tau,cifar10c,rankme,277,0.633390486240387,0.7014252543449402,
simclr-tau,cifar10c,rankme,278,0.633390486240387,0.7014252543449402,
simclr-tau,cifar10c,rankme,280,0.633390486240387,0.7014252543449402,
simclr-tau,cifar10c,rankme,282,0.633390486240387,0.7014252543449402,
simclr-tau,cifar10c,rankme,283,0.633390486240387,0.7014252543449402,
simclr-tau,cifar10c,rankme,284,0.633390486240387,0.7014252543449402,
simclr-tau,cifar10c,rankme,286,0.633390486240387,0.7014252543449402,
simclr-tau,cifar10c,rankme,287,0.633390486240387,0.7014252543449402,
simclr-tau,cifar10c,rankme,289,0.633390486240387,0.7014252543449402,
simclr-tau,cifar10c,rankme,290,0.633390486240387,0.7014252543449402,
simclr-tau,cifar10c,rankme,291,0.633390486240387,0.7014252543449402,
simclr-tau,cifar10c,rankme,292,0.633390486240387,0.7014252543449402,
simclr-tau,cifar10c,rankme,293,0.633390486240387,0.7014252543449402,
simclr-tau,cifar10c,rankme,294,0.633390486240387,0.7014252543449402,
simclr-tau,cifar10c,rankme,296,0.633390486240387,0.7014252543449402,
simclr-tau,cifar10c,rankme,298,0.633390486240387,0.7014252543449402,
simclr-tau,cifar10c,rankme,299,0.633390486240387,0.7014252543449402,
simclr-tau,cifar10c,rerankme,0,0.7014252543449402,0.7014252543449402,0
simclr-tau,cifar10c,rerankme,1,0.6860641837120056,0.7014252543449402,0
simclr-tau,cifar10c,rerankme,2,0.6860641837120056,0.7014252543449402,0
simclr-tau,cifar10c,rerankme,3,0.6759210228919983,0.7014252543449402,0
simclr-tau,cifar10c,rerankme,4,0.6759210228919983,0.7014252543449402,0
simclr-tau,cifar10c,rerankme,6,0.6759210228919983,0.7014252543449402,0
simclr-tau,cifar10c,rerankme,7,0.6759210228919983,0.7014252543449402,0
simclr-tau,cifar10c,rerankme,8,0.6759210228919983,0.7014252543449402,0
simclr-tau,cifar10c,rerankme,9,0.6759210228919983,0.7014252543449402,0
simclr-tau,cifar10c,rerankme,10,0.6759210228919983,0.7014252543449402,0
simclr-tau,cifar10c,rerankme,11,0.6759210228919983,0.7014252543449402,0
simclr-tau,cifar10c,rerankme,12,0.6759210228919983,0.7014252543449402,0
simclr-tau,cifar10c,rerankme,13,0.6759210228919983,0.7014252543449402,0
simclr-tau,cifar10c,rerankme,14,0.6759210228919983,0.7014252543449402,0
simclr-tau,cifar10c,rerankme,15,0.6759210228919983,0.7014252543449402,0
simclr-tau,cifar10c,rerankme,19,0.6759210228919983,0.7014252543449402,0
simclr-tau,cifar10c,rerankme,20,0.6759210228919983,0.7014252543449402,0
simclr-tau,cifar10c,rerankme,21,0.6759210228919983,0.7014252543449402,0
simclr-tau,cifar10c,rerankme,22,0.6759210228919983,0.7014252543449402,0
simclr-tau,cifar10c,rerankme,25,0.6759210228919983,0.7014252543449402,0
simclr-tau,cifar10c,rerankme,26,0.6759210228919983,0.7014252543449402,0
simclr-tau,cifar10c,rerankme,27,0.6759210228919983,0.7014252543449402,0
simclr-tau,cifar10c,rerankme,28,0.6759210228919983,0.7014252543449402,0
simclr-tau,cifar10c,rerankme,29,0.6759210228919983,0.7014252543449402,0
simclr-tau,cifar10c,rerankme,30,0.6759210228919983,0.7014252543449402,0
simclr-tau,cifar10c,rerankme,33,0.6759210228919983,0.7014252543449402,0
simclr-tau,cifar10c,rerankme,35,0.6759210228919983,0.7014252543449402,0
simclr-tau,cifar10c,rerankme,36,0.6759210228919983,0.7014252543449402,0
simclr-tau,cifar10c,rerankme,39,0.6759210228919983,0.7014252543449402,0
simclr-tau,cifar10c,rerankme,40,0.6759210228919983,0.7014252543449402,0
simclr-tau,cifar10c,rerankme,41,0.6759210228919983,0.7014252543449402,0
simclr-tau,cifar10c,rerankme,42,0.6759210228919983,0.7014252543449402,0
simclr-tau,cifar10c,rerankme,43,0.6759210228919983,0.7014252543449402,0
simclr-tau,cifar10c,rerankme,44,0.6759210228919983,0.7014252543449402,0
simclr-tau,cifar10c,rerankme,45,0.6759210228919983,0.7014252543449402,0
simclr-tau,cifar10c,rerankme,46,0.6759210228919983,0.7014252543449402,0
simclr-tau,cifar10c,rerankme,47,0.6759210228919983,0.7014252543449402,0
simclr-tau,cifar10c,rerankme,49,0.6759210228919983,0.7014252543449402,0
simclr-tau,cifar10c,rerankme,51,0.6759210228919983,0.7014252543449402,0
simclr-tau,cifar10c,rerankme,54,0.6759210228919983,0.7014252543449402,0
simclr-tau,cifar10c,rerankme,56,0.6759210228919983,0.7014252543449402,0
simclr-tau,cifar10c,rerankme,57,0.6759210228919983,0.7014252543449402,0
simclr-tau,cifar10c,rerankme,60,0.6759210228919983,0.7014252543449402,0
simclr-tau,cifar10c,rerankme,61,0.6759210228919983,0.7014252543449402,0
simclr-tau,cifar10c,rerankme,62,0.6759210228919983,0.7014252543449402,0
simclr-tau,cifar10c,rerankme,68,0.6759210228919983,0.7014252543449402,0
simclr-tau,cifar10c,rerankme,69,0.6759210228919983,0.7014252543449402,0
simclr-tau,cifar10c,rerankme,71,0.6759210228919983,0.7014252543449402,0
simclr-tau,cifar10c,rerankme,73,0.6759210228919983,0.7014252543449402,0
simclr-tau,cifar10c,rerankme,74,0.6759210228919983,0.7014252543449402,0
simclr-tau,cifar10c,rerankme,76,0.6759210228919983,0.7014252543449402,0
simclr-tau,cifar10c,rerankme,78,0.6759210228919983,0.7014252543449402,0
simclr-tau,cifar10c,rerankme,79,0.6759210228919983,0.7014252543449402,0
simclr-tau,cifar10c,rerankme,82,0.6759210228919983,0.7014252543449402,0
simclr-tau,cifar10c,rerankme,83,0.6759210228919983,0.7014252543449402,0
simclr-tau,cifar10c,rerankme,84,0.6759210228919983,0.7014252543449402,0
simclr-tau,cifar10c,rerankme,85,0.6759210228919983,0.7014252543449402,0
simclr-tau,cifar10c,rerankme,87,0.6759210228919983,0.7014252543449402,0
simclr-tau,cifar10c,rerankme,88,0.6759210228919983,0.7014252543449402,0
simclr-tau,cifar10c,rerankme,89,0.6759210228919983,0.7014252543449402,0
simclr-tau,cifar10c,rerankme,90,0.6759210228919983,0.7014252543449402,0
simclr-tau,cifar10c,rerankme,91,0.6759210228919983,0.7014252543449402,0
simclr-tau,cifar10c,rerankme,92,0.6759210228919983,0.7014252543449402,0
simclr-tau,cifar10c,rerankme,95,0.6759210228919983,0.7014252543449402,0
simclr-tau,cifar10c,rerankme,97,0.6759210228919983,0.7014252543449402,0
simclr-tau,cifar10c,rerankme,99,0.6759210228919983,0.7014252543449402,0
simclr-tau,cifar10c,rerankme,101,0.6759210228919983,0.7014252543449402,0
simclr-tau,cifar10c,rerankme,103,0.6759210228919983,0.7014252543449402,0
simclr-tau,cifar10c,rerankme,104,0.6759210228919983,0.7014252543449402,0
simclr-tau,cifar10c,rerankme,107,0.6759210228919983,0.7014252543449402,0
simclr-tau,cifar10c,rerankme,108,0.6759210228919983,0.7014252543449402,0
simclr-tau,cifar10c,rerankme,110,0.6759210228919983,0.7014252543449402,0
simclr-tau,cifar10c,rerankme,111,0.6759210228919983,0.7014252543449402,0
simclr-tau,cifar10c,rerankme,112,0.6759210228919983,0.7014252543449402,0
simclr-tau,cifar10c,rerankme,113,0.6759210228919983,0.7014252543449402,0
simclr-tau,cifar10c,rerankme,114,0.6759210228919983,0.7014252543449402,0
simclr-tau,cifar10c,rerankme,115,0.6759210228919983,0.7014252543449402,0
simclr-tau,cifar10c,rerankme,116,0.6759210228919983,0.7014252543449402,0
simclr-tau,cifar10c,rerankme,117,0.6759210228919983,0.7014252543449402,0
simclr-tau,cifar10c,rerankme,118,0.6759210228919983,0.7014252543449402,0
simclr-tau,cifar10c,rerankme,120,0.6759210228919983,0.7014252543449402,0
simclr-tau,cifar10c,rerankme,121,0.6759210228919983,0.7014252543449402,0
simclr-tau,cifar10c,rerankme,122,0.6759210228919983,0.7014252543449402,0
simclr-tau,cifar10c,rerankme,124,0.6759210228919983,0.7014252543449402,0
simclr-tau,cifar10c,rerankme,125,0.6759210228919983,0.7014252543449402,0
simclr-tau,cifar10c,rerankme,126,0.6759210228919983,0.7014252543449402,0
simclr-tau,cifar10c,rerankme,127,0.6759210228919983,0.7014252543449402,0
simclr-tau,cifar10c,rerankme,128,0.6759210228919983,0.7014252543449402,0
simclr-tau,cifar10c,rerankme,130,0.6759210228919983,0.7014252543449402,0
simclr-tau,cifar10c,rerankme,131,0.6759210228919983,0.7014252543449402,0
simclr-tau,cifar10c,rerankme,133,0.6759210228919983,0.7014252543449402,0
simclr-tau,cifar10c,rerankme,135,0.6759210228919983,0.7014252543449402,0
simclr-tau,cifar10c,rerankme,136,0.6759210228919983,0.7014252543449402,0
simclr-tau,cifar10c,rerankme,137,0.6759210228919983,0.7014252543449402,0
simclr-tau,cifar10c,rerankme,138,0.6759210228919983,0.7014252543449402,0
simclr-tau,cifar10c,rerankme,139,0.6759210228919983,0.7014252543449402,0
simclr-tau,cifar10c,rerankme,140,0.6759210228919983,0.7014252543449402,0
simclr-tau,cifar10c,rerankme,143,0.6759210228919983,0.7014252543449402,0
simclr-tau,cifar10c,rerankme,145,0.6759210228919983,0.7014252543449402,0
simclr-tau,cifar10c,rerankme,147,0.6759210228919983,0.7014252543449402,0
simclr-tau,cifar10c,rerankme,148,0.6759210228919983,0.7014252543449402,0
simclr-tau,cifar10c,rerankme,149,0.6759210228919983,0.7014252543449402,0
simclr-tau,cifar10c,rerankme,150,0.6759210228919983,0.7014252543449402,0
simclr-tau,cifar10c,rerankme,151,0.6759210228919983,0.7014252543449402,0
simclr-tau,cifar10c,rerankme,154,0.6759210228919983,0.7014252543449402,0
simclr-tau,cifar10c,rerankme,156,0.6759210228919983,0.7014252543449402,0
simclr-tau,cifar10c,rerankme,159,0.6759210228919983,0.7014252543449402,0
simclr-tau,cifar10c,rerankme,160,0.6759210228919983,0.7014252543449402,0
simclr-tau,cifar10c,rerankme,161,0.6759210228919983,0.7014252543449402,0
simclr-tau,cifar10c,rerankme,162,0.6759210228919983,0.7014252543449402,0
simclr-tau,cifar10c,rerankme,164,0.6759210228919983,0.7014252543449402,0
simclr-tau,cifar10c,rerankme,165,0.6759210228919983,0.7014252543449402,0
simclr-tau,cifar10c,rerankme,167,0.6759210228919983,0.7014252543449402,0
simclr-tau,cifar10c,rerankme,172,0.6759210228919983,0.7014252543449402,0
simclr-tau,cifar10c,rerankme,173,0.6759210228919983,0.7014252543449402,0
simclr-tau,cifar10c,rerankme,175,0.6759210228919983,0.7014252543449402,0
simclr-tau,cifar10c,rerankme,176,0.6759210228919983,0.7014252543449402,0
simclr-tau,cifar10c,rerankme,177,0.6759210228919983,0.7014252543449402,0
simclr-tau,cifar10c,rerankme,178,0.6759210228919983,0.7014252543449402,0
simclr-tau,cifar10c,rerankme,179,0.6759210228919983,0.7014252543449402,0
simclr-tau,cifar10c,rerankme,182,0.6759210228919983,0.7014252543449402,0
simclr-tau,cifar10c,rerankme,183,0.6759210228919983,0.7014252543449402,0
simclr-tau,cifar10c,rerankme,184,0.6759210228919983,0.7014252543449402,0
simclr-tau,cifar10c,rerankme,187,0.6759210228919983,0.7014252543449402,0
simclr-tau,cifar10c,rerankme,189,0.6759210228919983,0.7014252543449402,0
simclr-tau,cifar10c,rerankme,190,0.6759210228919983,0.7014252543449402,0
simclr-tau,cifar10c,rerankme,191,0.6759210228919983,0.7014252543449402,0
simclr-tau,cifar10c,rerankme,192,0.6759210228919983,0.7014252543449402,0
simclr-tau,cifar10c,rerankme,193,0.6759210228919983,0.7014252543449402,0
simclr-tau,cifar10c,rerankme,195,0.6759210228919983,0.7014252543449402,0
simclr-tau,cifar10c,rerankme,197,0.6759210228919983,0.7014252543449402,0
simclr-tau,cifar10c,rerankme,198,0.6759210228919983,0.7014252543449402,0
simclr-tau,cifar10c,rerankme,199,0.6759210228919983,0.7014252543449402,0
simclr-tau,cifar10c,rerankme,201,0.6759210228919983,0.7014252543449402,0
simclr-tau,cifar10c,rerankme,202,0.6759210228919983,0.7014252543449402,0
simclr-tau,cifar10c,rerankme,203,0.6759210228919983,0.7014252543449402,0
simclr-tau,cifar10c,rerankme,204,0.6759210228919983,0.7014252543449402,0
simclr-tau,cifar10c,rerankme,205,0.6759210228919983,0.7014252543449402,0
simclr-tau,cifar10c,rerankme,206,0.6759210228919983,0.7014252543449402,0
simclr-tau,cifar10c,rerankme,208,0.6759210228919983,0.7014252543449402,0
simclr-tau,cifar10c,rerankme,209,0.6759210228919983,0.7014252543449402,0
simclr-tau,cifar10c,rerankme,210,0.6759210228919983,0.7014252543449402,0
simclr-tau,cifar10c,rerankme,211,0.6759210228919983,0.7014252543449402,0
simclr-tau,cifar10c,rerankme,212,0.6759210228919983,0.7014252543449402,0
simclr-tau,cifar10c,rerankme,215,0.6759210228919983,0.7014252543449402,0
simclr-tau,cifar10c,rerankme,217,0.6759210228919983,0.7014252543449402,0
simclr-tau,cifar10c,rerankme,218,0.6759210228919983,0.7014252543449402,0
simclr-tau,cifar10c,rerankme,219,0.6759210228919983,0.7014252543449402,0
simclr-tau,cifar10c,rerankme,221,0.6759210228919983,0.7014252543449402,0
simclr-tau,cifar10c,rerankme,223,0.6759210228919983,0.7014252543449402,0
simclr-tau,cifar10c,rerankme,224,0.6759210228919983,0.7014252543449402,0
simclr-tau,cifar10c,rerankme,226,0.6759210228919983,0.7014252543449402,0
simclr-tau,cifar10c,rerankme,228,0.6759210228919983,0.7014252543449402,0
simclr-tau,cifar10c,rerankme,229,0.6759210228919983,0.7014252543449402,0
simclr-tau,cifar10c,rerankme,230,0.6759210228919983,0.7014252543449402,0
simclr-tau,cifar10c,rerankme,231,0.6759210228919983,0.7014252543449402,0
simclr-tau,cifar10c,rerankme,233,0.6759210228919983,0.7014252543449402,0
simclr-tau,cifar10c,rerankme,234,0.6759210228919983,0.7014252543449402,0
simclr-tau,cifar10c,rerankme,235,0.6759210228919983,0.7014252543449402,0
simclr-tau,cifar10c,rerankme,236,0.6759210228919983,0.7014252543449402,0
simclr-tau,cifar10c,rerankme,239,0.6759210228919983,0.7014252543449402,0
simclr-tau,cifar10c,rerankme,240,0.6759210228919983,0.7014252543449402,0
simclr-tau,cifar10c,rerankme,241,0.6759210228919983,0.7014252543449402,0
simclr-tau,cifar10c,rerankme,242,0.6759210228919983,0.7014252543449402,0
simclr-tau,cifar10c,rerankme,244,0.6759210228919983,0.7014252543449402,0
simclr-tau,cifar10c,rerankme,245,0.6759210228919983,0.7014252543449402,0
simclr-tau,cifar10c,rerankme,246,0.6759210228919983,0.7014252543449402,0
simclr-tau,cifar10c,rerankme,247,0.6759210228919983,0.7014252543449402,0
simclr-tau,cifar10c,rerankme,249,0.6759210228919983,0.7014252543449402,0
simclr-tau,cifar10c,rerankme,250,0.6759210228919983,0.7014252543449402,0
simclr-tau,cifar10c,rerankme,251,0.6759210228919983,0.7014252543449402,0
simclr-tau,cifar10c,rerankme,252,0.6759210228919983,0.7014252543449402,0
simclr-tau,cifar10c,rerankme,253,0.6759210228919983,0.7014252543449402,0
simclr-tau,cifar10c,rerankme,255,0.6759210228919983,0.7014252543449402,0
simclr-tau,cifar10c,rerankme,260,0.6759210228919983,0.7014252543449402,0
simclr-tau,cifar10c,rerankme,261,0.6759210228919983,0.7014252543449402,0
simclr-tau,cifar10c,rerankme,263,0.6759210228919983,0.7014252543449402,0
simclr-tau,cifar10c,rerankme,264,0.6759210228919983,0.7014252543449402,0
simclr-tau,cifar10c,rerankme,265,0.6759210228919983,0.7014252543449402,0
simclr-tau,cifar10c,rerankme,267,0.6759210228919983,0.7014252543449402,0
simclr-tau,cifar10c,rerankme,268,0.6759210228919983,0.7014252543449402,0
simclr-tau,cifar10c,rerankme,269,0.6759210228919983,0.7014252543449402,0
simclr-tau,cifar10c,rerankme,270,0.6759210228919983,0.7014252543449402,0
simclr-tau,cifar10c,rerankme,271,0.6759210228919983,0.7014252543449402,0
simclr-tau,cifar10c,rerankme,274,0.6759210228919983,0.7014252543449402,0
simclr-tau,cifar10c,rerankme,275,0.6759210228919983,0.7014252543449402,0
simclr-tau,cifar10c,rerankme,277,0.6759210228919983,0.7014252543449402,0
simclr-tau,cifar10c,rerankme,278,0.6759210228919983,0.7014252543449402,0
simclr-tau,cifar10c,rerankme,280,0.6759210228919983,0.7014252543449402,0
simclr-tau,cifar10c,rerankme,282,0.6759210228919983,0.7014252543449402,0
simclr-tau,cifar10c,rerankme,283,0.6759210228919983,0.7014252543449402,0
simclr-tau,cifar10c,rerankme,284,0.6759210228919983,0.7014252543449402,0
simclr-tau,cifar10c,rerankme,286,0.6759210228919983,0.7014252543449402,0
simclr-tau,cifar10c,rerankme,287,0.6759210228919983,0.7014252543449402,0
simclr-tau,cifar10c,rerankme,289,0.6759210228919983,0.7014252543449402,0
simclr-tau,cifar10c,rerankme,290,0.6759210228919983,0.7014252543449402,0
simclr-tau,cifar10c,rerankme,291,0.6759210228919983,0.7014252543449402,0
simclr-tau,cifar10c,rerankme,292,0.6759210228919983,0.7014252543449402,0
simclr-tau,cifar10c,rerankme,293,0.6759210228919983,0.7014252543449402,0
simclr-tau,cifar10c,rerankme,294,0.6759210228919983,0.7014252543449402,0
simclr-tau,cifar10c,rerankme,296,0.6759210228919983,0.7014252543449402,0
simclr-tau,cifar10c,rerankme,298,0.6759210228919983,0.7014252543449402,0
simclr-tau,cifar10c,rerankme,299,0.6759210228919983,0.7014252543449402,0
